[
{
  "fields": {
    "study_program": null,
    "user": [
      "hihhuli"
    ],
    "student_id": null,
    "enrollment_year": null
  },
  "model": "courses.userprofile",
  "pk": 1
},
{
  "fields": {
    "description": "",
    "credits": null,
    "contents": [
      1,
      2,
      3
    ],
    "slug": "testikurssi",
    "frontpage": null,
    "prerequisites": [],
    "code": "",
    "name": "Testikurssi"
  },
  "model": "courses.course",
  "pk": 1
},
{
  "fields": {
    "ordinal_number": 1,
    "responsible": [],
    "require_correct_embedded": true,
    "scored": true,
    "visible": true,
    "content": 1,
    "deadline": null,
    "parentnode": null,
    "compulsory": false,
    "publish_date": null
  },
  "model": "courses.contentgraph",
  "pk": 1
},
{
  "fields": {
    "ordinal_number": 2,
    "responsible": [],
    "require_correct_embedded": true,
    "scored": true,
    "visible": true,
    "content": 2,
    "deadline": null,
    "parentnode": null,
    "compulsory": false,
    "publish_date": null
  },
  "model": "courses.contentgraph",
  "pk": 2
},
{
  "fields": {
    "ordinal_number": 3,
    "responsible": [
      [
        "hihhuli"
      ]
    ],
    "require_correct_embedded": true,
    "scored": true,
    "visible": true,
    "content": 6,
    "deadline": null,
    "parentnode": null,
    "compulsory": false,
    "publish_date": null
  },
  "model": "courses.contentgraph",
  "pk": 3
},
{
  "fields": {
    "uploader": [
      "hihhuli"
    ],
    "date_uploaded": "2015-07-20T19:01:29.383",
    "typeinfo": "Python-testitiedosto",
    "name": "testitiedosto",
    "fileinfo": "files/testi.py"
  },
  "model": "courses.file",
  "pk": 1
},
{
  "fields": {
    "uploader": [
      "hihhuli"
    ],
    "date_uploaded": "2015-07-20T19:12:18.726",
    "typeinfo": "Tiedosto vailla j\u00e4rkev\u00e4\u00e4 sis\u00e4lt\u00f6\u00e4",
    "name": "sotkua",
    "fileinfo": "files/sotkua"
  },
  "model": "courses.file",
  "pk": 2
},
{
  "fields": {
    "uploader": [
      "hihhuli"
    ],
    "date_uploaded": "2015-07-21T18:44:50.229",
    "typeinfo": "Testiskripta joka sis\u00e4lt\u00e4\u00e4 drag and drop -animaation Scratchissa",
    "name": "testiskripta",
    "fileinfo": "files/testiskripta.html"
  },
  "model": "courses.file",
  "pk": 3
},
{
  "fields": {
    "uploader": [
      "hihhuli"
    ],
    "date_uploaded": "2015-07-21T18:56:54.041",
    "typeinfo": "Virheellinen testiskripta joka sis\u00e4lt\u00e4\u00e4 olemattomaan kuvaan osoittavan drag and drop -animaation",
    "name": "virheskripta",
    "fileinfo": "files/virheskripta"
  },
  "model": "courses.file",
  "pk": 4
},
{
  "fields": {
    "uploader": [
      "hihhuli"
    ],
    "date_uploaded": "2015-06-26T20:02:40.411",
    "description": "testikuva",
    "name": "tulostaulu",
    "fileinfo": "images/tulostaulu.jpg"
  },
  "model": "courses.image",
  "pk": 1
},
{
  "fields": {
    "uploader": [
      "hihhuli"
    ],
    "date_uploaded": "2015-07-21T18:44:14.003",
    "description": "Drag and drop -animaation kuvasarja",
    "name": "drag_and_drop",
    "fileinfo": "images/drag_and_drop.png"
  },
  "model": "courses.image",
  "pk": 2
},
{
  "fields": {
    "description": "testivideolinkki",
    "link": "https://www.youtube.com/embed/GwL0up0apo4",
    "name": "testivideolinkki",
    "added_by": [
      "hihhuli"
    ]
  },
  "model": "courses.videolink",
  "pk": 1
},
{
  "fields": {
    "description": "Videolinkki jonka linkki on virheellinen",
    "link": "http://www.google.fi",
    "name": "virheellinenvideolinkki",
    "added_by": [
      "hihhuli"
    ]
  },
  "model": "courses.videolink",
  "pk": 2
},
{
  "fields": {
    "name": "testikalenteri"
  },
  "model": "courses.calendar",
  "pk": 1
},
{
  "fields": {
    "end_time": "2015-12-31T23:59:59",
    "reservable_slots": 1,
    "event_description": "",
    "calendar": 1,
    "start_time": "2015-07-20T17:34:26",
    "event_name": "testitapahtuma"
  },
  "model": "courses.calendardate",
  "pk": 1
},
{
  "fields": {
    "ordinal_number": 0,
    "parent": 1,
    "embedded_page": 8
  },
  "model": "courses.embeddedlink",
  "pk": 153
},
{
  "fields": {
    "ordinal_number": 0,
    "parent": 6,
    "embedded_page": 7
  },
  "model": "courses.embeddedlink",
  "pk": 154
},
{
  "fields": {
    "ordinal_number": 1,
    "parent": 6,
    "embedded_page": 4
  },
  "model": "courses.embeddedlink",
  "pk": 155
},
{
  "fields": {
    "ordinal_number": 2,
    "parent": 6,
    "embedded_page": 9
  },
  "model": "courses.embeddedlink",
  "pk": 156
},
{
  "fields": {
    "ordinal_number": 3,
    "parent": 6,
    "embedded_page": 10
  },
  "model": "courses.embeddedlink",
  "pk": 157
},
{
  "fields": {
    "ordinal_number": 4,
    "parent": 6,
    "embedded_page": 3
  },
  "model": "courses.embeddedlink",
  "pk": 158
},
{
  "fields": {
    "ask_collaborators": false,
    "default_points": 1,
    "content_type": "LECTURE",
    "manually_evaluated": false,
    "question": "",
    "slug": "testi",
    "tags": "",
    "content": "= Ykk\u00f6stason otsikko =\r\n\r\nSis\u00e4lt\u00f6\u00e4 I.\r\n\r\n== Kakkostason otsikko ==\r\n\r\nSis\u00e4lt\u00f6\u00e4 II.\r\n\r\n=== Kolmostason otsikko ===\r\n\r\nSis\u00e4lt\u00f6\u00e4 III.\r\n\r\n==== Nelostason otsikko ====\r\n\r\nSis\u00e4lt\u00f6\u00e4 IV.\r\n\r\n===== Vitostason otsikko =====\r\n\r\nSis\u00e4lt\u00f6\u00e4 V.\r\n\r\n====== Kutostason otsikko ======\r\n\r\nSis\u00e4lt\u00f6\u00e4 VI.\r\n\r\n== Hajoitusyritys 1, x == y ==\r\n=== Hajotusyritys 2, x === y ===\r\n\r\n= Tekstikappaleet ja inline-markupit =\r\n\r\nT\u00e4m\u00e4n lauseen kaksi viimeinen sana pit\u00e4isi n\u00e4ky\u00e4 '''lihavoituna'''. T\u00e4ss\u00e4p\u00e4 on puolestaan lause, jonka viimeinen sana on ''kursivoitu''. Testataan viel\u00e4, ett\u00e4 '''useamman sanan lihavointi''' ja ''useamman sanan kursivointi'' onnistuu.  Lihavointi ja kursivointi onnistuvat my\u00f6s yht\u00e4 aikaa, '''''kas n\u00e4in'''''. Teksti\u00e4h\u00e4n pystyy toki my\u00f6s !!!korostamaan taustav\u00e4ri\u00e4 vaihtamalla!!!. Vaihdetaan kappaletta.\r\n\r\nOn hyv\u00e4 kokeilla, ettei 'yksitt\u00e4isill\u00e4 hipsuilla ymp\u00e4r\u00f6inti saa mit\u00e4\u00e4n hassua aikaan' ja huutomerkkej\u00e4kin voi k\u00e4ytt\u00e4\u00e4 ihan kivasti!! Testataan my\u00f6s hiukan muita merkkej\u00e4, joita markupeissa k\u00e4ytet\u00e4\u00e4n mutta joiden pit\u00e4isi n\u00e4ky\u00e4 t\u00e4ss\u00e4 sellaisenaan: {{, #, --, =, |.\r\n\r\nYll\u00e4 pit\u00e4isi tapahtua kappalejako. N\u00e4pp\u00e4imille on oma markuppinsa, jos haluaa sanoa vaikka, ett\u00e4 `Ctrl`+`Alt`+`Delete`. My\u00f6s kirjainn\u00e4pp\u00e4imet voi korostaa: \"Paina `Ctrl`+`C` kopioidaksesi. Jos haluat pastettaa, paina `Ctrl`+`V`\". Alla pit\u00e4isi my\u00f6s olla kappalejako erotinviivalla.\r\n--\r\nJos haluaa korostaa esimerkiksi komentorivikomentoja tai hakemistopolkuja, sen voi tehd\u00e4 n\u00e4tisti n\u00e4in: {{{C:\\Windows}}}. Koodille saa puolestaan syntaksikorostuksen, jos tekee mieli ulostaa vaikka Pythonia: {{{#!python3 print(\"moi\")}}}. T\u00e4ss\u00e4p\u00e4 on puolestaan SQL:\u00e4\u00e4: {{{#!sql DROP DATABASE;}}}. C++ onnistuu my\u00f6s: {{{#!cpp int main(int argc, char *argv[])}}}. N\u00e4\u00f6n vuoksi laitetaan viel\u00e4 v\u00e4h\u00e4n HTML:\u00e4\u00e4: {{{#!html <title>Hassunhauska sivu!</title>}}}.\r\n\r\n= Listat =\r\n\r\n== Numeroimaton ==\r\n\r\n* Sisent\u00e4m\u00e4t\u00f6n 1\r\n* Sisent\u00e4m\u00e4t\u00f6n 2\r\n** Ekataso 1\r\n* Sisent\u00e4m\u00e4t\u00f6n 3\r\n*** Tokataso 1\r\n** Ekataso 2\r\n**** Kolmostaso 1\r\n*** Tokataso 2\r\n**** Kolmostaso 2\r\n***** Nelostaso 1\r\n****** Vitosataso 1\r\n******* Kutostaso 1\r\n\r\n== Numeroitu ==\r\n\r\n# Sisent\u00e4m\u00e4t\u00f6n 1\r\n# Sisent\u00e4m\u00e4t\u00f6n 2\r\n## Ekataso 1\r\n# Sisent\u00e4m\u00e4t\u00f6n 3\r\n### Tokataso 1\r\n## Ekataso 2\r\n#### Kolmostaso 1\r\n### Tokataso 2\r\n#### Kolmostaso 2\r\n##### Nelostaso 1\r\n###### Vitosataso 1\r\n####### Kutostaso 1\r\n\r\n= Taulukko =\r\n\r\n|| Otsikko 1 || Otsikko 2 || Otsikko 3 ||\r\n|| Solu 1.1 || Solu 1.2 || Solu 1.3 ||\r\n|| Solu 2.1 || Solu 2.2 || Solu 2.3 ||\r\n|| Solu 3.1 || Solu 3.2 || Solu 3.3 ||\r\n\r\n|| T\u00e4m\u00e4n || taulukon || sis\u00e4ll\u00e4 on |-merkki ||\r\n\r\n= Kuva ja kuvateksti =\r\n\r\n<!image=tulostaulu|alt=Jos ei n\u00e4y kuva, n\u00e4kyy t\u00e4m\u00e4.|caption=T\u00e4ss\u00e4 on tulostaulu ja sen kuvateksti. T\u00e4ss\u00e4 v\u00e4h\u00e4n lis\u00e4\u00e4 kuvateksti\u00e4, jotta se jakautuisi useammalle riville.>\r\n<!image=tulostaulu|caption=Keskitetty kuva ja kuvateksti. Lis\u00e4\u00e4 teksti\u00e4, jonka pit\u00e4isi menn\u00e4 toiselle riville.|align=center>\r\n\r\n== Virhetapaukset ==\r\n<!image=olematonkuva|caption=Olematon kuva.>\r\n\r\n= Kalenteri =\r\n<!calendar=testikalenteri>\r\n\r\n== Virhetapaukset ==\r\n<!calendar=olematonkalenteri>\r\n\r\n= Videolinkki =\r\n\r\n<!video=testivideolinkki>\r\n<!video=testivideolinkki|width=400|height=300>\r\n\r\n== Virhetapaukset ==\r\n<!video=virheellinenvideolinkki>\r\n<!video=olematonvideo>\r\n\r\n= Upotettu skripta =\r\n\r\n<!script=testiskripta>\r\n<!script=testiskripta|width=710|height=450|border=0>\r\n\r\n== Virhetapaukset ==\r\n\r\n<!script=virheskripta>\r\n<!script=olematonskripta>\r\n\r\n= Upotettu sivu =\r\n\r\n<!page=upotettu-sivu>\r\n\r\n== Virhetapaukset ==\r\n\r\n<!page=olematonsivu>\r\n\r\n= Upotettu tiedosto =\r\n\r\n<!file=testitiedosto>\r\n\r\n== Virhetapaukset ==\r\n<!file=sotkua>\r\n<!file=olematontiedosto>\r\n\r\n= TeX-kaavat =\r\n\r\n<math>\r\n1 + 1\r\n</math>\r\n<math>\r\ny_{max} = x^2 + sqrt(5)\r\n</math>\r\n<math>\r\n\\frac{n!}{k!(n-k)!} = \\binom{n}{k}\r\n</math>\r\n\r\n== Virhetapaukset ==\r\n<math>",
    "access_count": null,
    "feedback_questions": [],
    "name": "Markup-testi"
  },
  "model": "courses.contentpage",
  "pk": 1
},
{
  "fields": {
    "ask_collaborators": false,
    "default_points": 1,
    "content_type": "LECTURE",
    "manually_evaluated": false,
    "question": "",
    "slug": "syntax-highlight-test",
    "tags": "",
    "content": "= Syntaksikorostustesti =\r\n\r\n====== Python ======\r\n{{{highlight=python\r\n#!/usr/bin/env python\r\n\"\"\"The documentation of this module is here.\"\"\"\r\n\r\nimport sys\r\nfrom random import randint # Import the randint function\r\n\r\nclass MyBeautifulClass:\r\n    var_x = 6\r\n\r\n    def __init__(self, x, y, asdf=666, *args, **kwargs):\r\n        '''The init method.'''\r\n        self.var_x = x\r\n        self.var_y = iter(list({k: v for k, v in kwargs}))\r\n\r\n@my_little_decorator(hjhti=\"meaow\")\r\ndef fun_function(h):\r\n    var_v = randint(100)\r\n    list_l = range(1, 100, 3)\r\n    if var_v == 6 and h < 1.234 or True != False:\r\n        f = input(\"What's your name? \")\r\n    else:\r\n        f = \"John Doe %02d, %s\" % (5, 'monkey')\r\n    return (var_v, f, list_l, None)\r\n\r\ntry:\r\n    print(fun_function(1.2))\r\nexcept TypeError as e:\r\n    print(e)\r\nelse:\r\n    my_list = [1, 2, 3, 4, r\"$potatoes^\"]\r\nfinally:\r\n    sys.exit()\r\n\r\n$erroneous-things-are-here$\u00a4\u00a3\r\n\r\n}}}\r\n\r\n====== C++ ======\r\n{{{highlight=cpp\r\n#include <iostream>\r\n#include <stdio>\r\n\r\nusing std::cout;\r\n\r\nint main(int argc, char *argv[]) {\r\n    int const derp = 1337;\r\n    printf(\"Hello there\\n number: %02d\", 5);\r\n    char sym = 'A' ^ 0xf3;\r\n    return 0;\r\n}\r\n}}}\r\n\r\n====== HTML ======\r\n{{{highlight=html\r\n<!DOCTYPE html>\r\n<html>\r\n  <head>\r\n      <title>Hassunhauska sivu!</title>\r\n  </head>\r\n  <body>\r\n    <a href=\"http://www.google.com\">A nice search engine</a>\r\n    &amp; is a fun character.\r\n    ...\r\n    <script language=\"javascript\">\r\n      function f(asdf, qwer) {\r\n        var x, y;\r\n        if (typeof x == undefined) {\r\n          x = 666;\r\n        }\r\n        if (asdf == /$[0-9]+(?P<gname>.+)^/g) {\r\n          this.v = exec(\"k = 3;\");\r\n        }\r\n        return x * y;\r\n      }\r\n    </script>\r\n  </body>\r\n</html>\r\n}}}\r\n\r\n====== NASM x86 Assembly ======\r\n{{{highlight=nasm\r\nsection     .text\r\nglobal      _start                              ;must be declared for linker (ld)\r\n\r\n_start:                                         ;tell linker entry point\r\n\r\n    mov     edx,len                             ;message length\r\n    mov     ecx,msg                             ;message to write\r\n    mov     ebx,1                               ;file descriptor (stdout)\r\n    mov     eax,4                               ;system call number (sys_write)\r\n    int     0x80                                ;call kernel\r\n\r\n    mov     eax,1                               ;system call number (sys_exit)\r\n    int     0x80                                ;call kernel\r\n\r\nsection     .data\r\n\r\nmsg     db  'Hello, world!',0xa                 ;our dear string\r\nlen     equ $ - msg                             ;length of our dear string\r\n}}}\r\n\r\n====== Postgresql ======\r\n{{{highlight=postgresql\r\nBEGIN\r\n    SELECT * INTO STRICT myrec FROM emp WHERE empname = myname;\r\n    EXCEPTION\r\n        WHEN NO_DATA_FOUND THEN\r\n            RAISE EXCEPTION 'employee % not found', myname;\r\n        WHEN TOO_MANY_ROWS THEN\r\n            RAISE EXCEPTION 'employee % not unique', myname;\r\nEND;\r\n}}}\r\n\r\n====== Python console ======\r\n{{{highlight=pycon\r\n>>> a = 'foo'\r\n>>> print a\r\nfoo\r\n>>> 1 / 0\r\nTraceback (most recent call last):\r\n  File \"<stdin>\", line 1, in <module>\r\nZeroDivisionError: integer division or modulo by zero\r\n}}}\r\n\r\n====== Haskell ======\r\n{{{highlight=haskell\r\n-- parseSQL :: String -> Either ParseError SQL\r\n-- evalSQL :: SQL -> IO (Either EvalError Table)\r\n-- prettyPrintTable :: Table -> IO ()\r\n-- ParseError, EvalError and Table are instances of Show\r\n\r\nevalAndPrint :: String -> IO ()\r\nevalAndPrint x =\r\n    case parseSQL x of\r\n      (Left parseErr) ->\r\n        print parseErr\r\n      (Right sql) -> do\r\n        result <- evalSQL sql\r\n        case result of\r\n          (Left err) ->\r\n            print err\r\n          (Right table) -> do\r\n            prettyPrintTable table\r\n            putStrLn $ \"(\" ++ show (length table) ++ \" lines)\\n\"\r\n\r\n{- and now, for something totally\r\n   different... -}\r\n\r\ntwo :: Int\r\ntwo = 1 `plus` 1\r\n    where plus = (+)\r\n}}}\r\n\r\n====== Ruby ======\r\n{{{highlight=ruby\r\nMY_CONSTANT = 100\r\n$eww_a_global = 5\r\n}}}\r\n\r\n====== Diff ======\r\n{{{highlight=diff\r\n@@ -245,7 +245,7 @@ def block(cls, block, settings, state):\r\nyield '<div class=\"warning\">%s</div>' % str(e).capitalize()\r\nhighlight = False\r\nelse:\r\n- yield '<code class=\"highlight %s\">' % highlight\r\n+ yield '<code class=\"highlight %s-lang-highlight\">' % highlight\r\ntry:\r\nline = next(state[\"lines\"])\r\n}}}\r\n\r\n====== Ei lexeri\u00e4 ======\r\n{{{highlight=olematon\r\nherp derp\r\n}}}",
    "access_count": null,
    "feedback_questions": [],
    "name": "Syntaksikorostustesti"
  },
  "model": "courses.contentpage",
  "pk": 2
},
{
  "fields": {
    "ask_collaborators": false,
    "default_points": 1,
    "content_type": "FILE_UPLOAD_EXERCISE",
    "manually_evaluated": false,
    "question": "Valitse ensin ohjelmatiedosto tietokoneeltasi alla olevalla Browse (Valitse tiedostot) -napilla avautuvasta valikosta ja palauta se painamalla Send Answer (L\u00e4het\u00e4 vastaus) -nappia. Jos ohjelmaasi sattui virhe, voit korjata sen ja l\u00e4hett\u00e4\u00e4 vastauksesi uudelleen.",
    "slug": "palautusharjoitus",
    "tags": "",
    "content": "= Tiedostoteht\u00e4v\u00e4 =\r\n\r\nN\u00e4in hienon suorituksen j\u00e4lkeen voimme opetella, miten palautamme luomamme ohjelman tarkistettavaksi. Oppimateriaalimme teht\u00e4v\u00e4t k\u00e4ytt\u00e4v\u00e4t nimitt\u00e4in hy\u00f6dyksi automaattista Lovelace-j\u00e4rjestelm\u00e4\u00e4, joka osaa itsen\u00e4isesti tarkistaa ohjelmasi ja antaa niist\u00e4 palautetta. T\u00e4m\u00e4 edellytt\u00e4\u00e4, ett\u00e4 lataat Scratch-ohjelmatiedoston tietokoneellesi ja l\u00e4het\u00e4t tiedoston j\u00e4rjestelm\u00e4lle. T\u00e4ll\u00f6in j\u00e4rjestelm\u00e4 kertoo oliko tiedoston sis\u00e4lt\u00e4m\u00e4 ohjelma annettujen ohjeiden mukainen ja ilmoittaa mahdolliset virheet. \r\n\r\nLue yksityiskohtainen ohjeistus [[http://lovelace.dy.fi/johdatus-ohjelmointiin-opettajille/ohjeita/#ohjelmointiteht%C3%A4v%C3%A4n-palauttaminen-j%C3%A4rjestelm%C3%A4%C3%A4n|teht\u00e4vien palauttamiseksi]], ja l\u00e4het\u00e4 sen j\u00e4lkeen tiedosto Lovelacen tarkistettavaksi. Ohjeet Lovelacen antaman palautteen tulkitsemiseen voit lukea puolestaan [[http://lovelace.dy.fi/johdatus-ohjelmointiin-opettajille/ohjeita/#j%C3%A4rjestelm%C3%A4n-antaman-palautteen-tulkitseminen|t\u00e4\u00e4lt\u00e4]]",
    "access_count": null,
    "feedback_questions": [],
    "name": "Testitiedostoteht\u00e4v\u00e4"
  },
  "model": "courses.contentpage",
  "pk": 3
},
{
  "fields": {
    "ask_collaborators": false,
    "default_points": 1,
    "content_type": "TEXTFIELD_EXERCISE",
    "manually_evaluated": false,
    "question": "Anna vastauksesi tekstikentt\u00e4\u00e4n.",
    "slug": "pahkina",
    "tags": "",
    "content": "= Tekstikentt\u00e4teht\u00e4v\u00e4 = \r\n\r\nOletetaan, ett\u00e4 olet luonut ohjelmaasi jo tutuksi tulleen laske_keskiarvo-funktion. Keksitk\u00f6, mink\u00e4 paluuarvon funktio palauttaa, kun sit\u00e4 kutsutaan alla olevassa koodissa?\r\n{{{highlight=python3\r\npisin_pituus = 251\r\nlyhin_pituus = 54\r\nkeskipituus = laske_keskiarvo(pisin_pituus, lyhin_pituus)\r\nprint(\"Maailman pisimm\u00e4n ja lyhimm\u00e4n ihmisen keskipituus on {pituus} cm.\".format(pituus=keskipituus))\r\n}}}",
    "access_count": null,
    "feedback_questions": [],
    "name": "Testitekstikentt\u00e4"
  },
  "model": "courses.contentpage",
  "pk": 4
},
{
  "fields": {
    "ask_collaborators": true,
    "default_points": 1,
    "content_type": "LECTURE",
    "manually_evaluated": true,
    "question": "Kokeillaanpa t\u00e4t\u00e4 kysymyst\u00e4kin v\u00e4lill\u00e4. MIt\u00e4 kuuluu?",
    "slug": "upotettujen-sivujen-testi",
    "tags": "Testisivu",
    "content": "Testataan sivuun upotettuja teht\u00e4vi\u00e4\r\n<!page=testimonivalinta>\r\n<!page=pahkina>\r\n<!page=testicheckbox>\r\n<!page=testikoodikorjaus>\r\n<!page=palautusharjoitus>\r\n",
    "access_count": null,
    "feedback_questions": [],
    "name": "Teht\u00e4v\u00e4testi"
  },
  "model": "courses.contentpage",
  "pk": 6
},
{
  "fields": {
    "ask_collaborators": false,
    "default_points": 1,
    "content_type": "MULTIPLE_CHOICE_EXERCISE",
    "manually_evaluated": false,
    "question": "Kumpi tuli ensin: muna vai kana? Ollako vai eik\u00f6 olla? Miksi olet kiinnostunut ty\u00f6skentelem\u00e4\u00e4n juuri t\u00e4ss\u00e4 firmassa?",
    "slug": "testimonivalinta",
    "tags": "Testi",
    "content": "= Monivalintateht\u00e4v\u00e4 =\r\n\r\nLorem ipsum dolor sit amet, consectetur adipiscing elit, sed do eiusmod tempor incididunt ut labore et dolore magna aliqua. Ut enim ad minim veniam, quis nostrud exercitation ullamco laboris nisi ut aliquip ex ea commodo consequat. Duis aute irure dolor in reprehenderit in voluptate velit esse cillum dolore eu fugiat nulla pariatur. Excepteur sint occaecat cupidatat non proident, sunt in culpa qui officia deserunt mollit anim id est laborum.",
    "access_count": null,
    "feedback_questions": [],
    "name": "Testimonivalinta"
  },
  "model": "courses.contentpage",
  "pk": 7
},
{
  "fields": {
    "ask_collaborators": false,
    "default_points": 1,
    "content_type": "LECTURE",
    "manually_evaluated": false,
    "question": "",
    "slug": "upotettu-sivu",
    "tags": "",
    "content": "T\u00e4m\u00e4 on upotettu sivu.\r\n\r\n<!image=tulostaulu|alt=Jos ei n\u00e4y kuva, n\u00e4kyy t\u00e4m\u00e4.|caption=T\u00e4ss\u00e4 on tulostaulukuva upotettuna upotettuun sivuun.>\r\n",
    "access_count": null,
    "feedback_questions": [],
    "name": "Upotettu sivu"
  },
  "model": "courses.contentpage",
  "pk": 8
},
{
  "fields": {
    "ask_collaborators": false,
    "default_points": 1,
    "content_type": "CHECKBOX_EXERCISE",
    "manually_evaluated": false,
    "question": "Kumpi tuli ensin: muna vai kana? Ollako vai eik\u00f6 olla? Miksi olet kiinnostunut ty\u00f6skentelem\u00e4\u00e4n juuri t\u00e4ss\u00e4 firmassa?",
    "slug": "testicheckbox",
    "tags": "Testi",
    "content": "= Rasti ruutuun -teht\u00e4v\u00e4 =\r\n\r\nLorem ipsum dolor sit amet, consectetur adipiscing elit, sed do eiusmod tempor incididunt ut labore et dolore magna aliqua. Ut enim ad minim veniam, quis nostrud exercitation ullamco laboris nisi ut aliquip ex ea commodo consequat. Duis aute irure dolor in reprehenderit in voluptate velit esse cillum dolore eu fugiat nulla pariatur. Excepteur sint occaecat cupidatat non proident, sunt in culpa qui officia deserunt mollit anim id est laborum.",
    "access_count": null,
    "feedback_questions": [],
    "name": "testicheckbox"
  },
  "model": "courses.contentpage",
  "pk": 9
},
{
  "fields": {
    "ask_collaborators": false,
    "default_points": 1,
    "content_type": "CODE_REPLACE_EXERCISE",
    "manually_evaluated": false,
    "question": "Korjaa virheellinen rivi: numero = input(\"Anna numero: \").",
    "slug": "testikoodikorjaus",
    "tags": "Testi",
    "content": "= Koodikorjausteht\u00e4v\u00e4 =\r\n\r\nLorem ipsum dolor sit amet, consectetur adipiscing elit, sed do eiusmod tempor incididunt ut labore et dolore magna aliqua. Ut enim ad minim veniam, quis nostrud exercitation ullamco laboris nisi ut aliquip ex ea commodo consequat. Duis aute irure dolor in reprehenderit in voluptate velit esse cillum dolore eu fugiat nulla pariatur. Excepteur sint occaecat cupidatat non proident, sunt in culpa qui officia deserunt mollit anim id est laborum.",
    "access_count": null,
    "feedback_questions": [],
    "name": "testikoodikorjaus"
  },
  "model": "courses.contentpage",
  "pk": 10
},
{
  "fields": {
    "exercise": 7,
    "hint": "Yrit\u00e4 kovasti.",
    "tries_to_unlock": 2
  },
  "model": "courses.hint",
  "pk": 1
},
{
  "fields": {
    "exercise": 4,
    "hint": "Paluuarvo on funktion antama tulos",
    "tries_to_unlock": 2
  },
  "model": "courses.hint",
  "pk": 2
},
{
  "fields": {
    "exercise": 9,
    "hint": "Yrit\u00e4 kovasti.",
    "tries_to_unlock": 0
  },
  "model": "courses.hint",
  "pk": 3
},
{
  "fields": {
    "exercise": 10,
    "hint": "Merkkijono pit\u00e4isi muuttaa kokonaisluvuksi.",
    "tries_to_unlock": 0
  },
  "model": "courses.hint",
  "pk": 4
},
{
  "fields": {
    "exercise": 3,
    "required_files": [
      1,
      2,
      3
    ],
    "name": "Palautusharjoitus"
  },
  "model": "courses.fileexercisetest",
  "pk": 1
},
{
  "fields": {
    "ordinal_number": 1,
    "test": 1,
    "name": "Ohjelman tarkistus:",
    "depends_on": null
  },
  "model": "courses.fileexerciseteststage",
  "pk": 1
},
{
  "fields": {
    "ordinal_number": 1,
    "input_text": "",
    "command_line": "python palautusharjoitus.py $RETURNABLES",
    "signal": "None",
    "timeout": "00:00:05",
    "stage": 1,
    "return_value": null,
    "significant_stderr": true,
    "significant_stdout": true
  },
  "model": "courses.fileexercisetestcommand",
  "pk": 1
},
{
  "fields": {
    "purpose": "REFERENCE",
    "exercise": 3,
    "chgrp_settings": "OWNED",
    "chown_settings": "OWNED",
    "fileinfo": "Palautusharjoitus_files/palautusharjoitus.sb2",
    "chmod_settings": "rw-rw-rw-",
    "name": "palautusharjoitus.sb2"
  },
  "model": "courses.fileexercisetestincludefile",
  "pk": 1
},
{
  "fields": {
    "purpose": "WRAPPER",
    "exercise": 3,
    "chgrp_settings": "OWNED",
    "chown_settings": "OWNED",
    "fileinfo": "Palautusharjoitus_files/palautusharjoitus_Jsx652c_MVwKnLg.py",
    "chmod_settings": "rw-rw-rw-",
    "name": "palautusharjoitus.py"
  },
  "model": "courses.fileexercisetestincludefile",
  "pk": 2
},
{
  "fields": {
    "purpose": "WRAPPER",
    "exercise": 3,
    "chgrp_settings": "OWNED",
    "chown_settings": "OWNED",
    "fileinfo": "Palautusharjoitus_files/scratch_core_WBbvllF.py",
    "chmod_settings": "rw-rw-rw-",
    "name": "scratch_core.py"
  },
  "model": "courses.fileexercisetestincludefile",
  "pk": 3
},
{
  "fields": {
    "exercise": 4,
    "correct": true,
    "regexp": true,
    "comment": "Aivan oikein p\u00e4\u00e4telty!",
    "hint": "Muista, ett\u00e4 laske_keskiarvo-funktion paluuarvo on sen tuottama tulos. T\u00e4ss\u00e4 tapauksessa kyseess\u00e4 on jokin luku.",
    "answer": "152.5\\s*$"
  },
  "model": "courses.textfieldexerciseanswer",
  "pk": 1
},
{
  "fields": {
    "exercise": 4,
    "correct": false,
    "regexp": false,
    "comment": "",
    "hint": "Pilkun sijaan Pythonissa k\u00e4ytet\u00e4\u00e4n pistett\u00e4.",
    "answer": "152,5"
  },
  "model": "courses.textfieldexerciseanswer",
  "pk": 2
},
{
  "fields": {
    "exercise": 4,
    "correct": false,
    "regexp": false,
    "comment": "",
    "hint": "\u00c4l\u00e4 py\u00f6rist\u00e4!",
    "answer": "153"
  },
  "model": "courses.textfieldexerciseanswer",
  "pk": 3
},
{
  "fields": {
    "correct": true,
    "comment": "Hyv\u00e4 hyv\u00e4 oikein meni.",
    "exercise": 7,
    "hint": "Vihje: t\u00e4m\u00e4 on testiteht\u00e4v\u00e4, eik\u00e4 t\u00e4ss\u00e4k\u00e4\u00e4n vihjeess\u00e4 ole siten mit\u00e4\u00e4n j\u00e4rke\u00e4.",
    "answer": "Oikea vastaus."
  },
  "model": "courses.multiplechoiceexerciseanswer",
  "pk": 1
},
{
  "fields": {
    "correct": false,
    "comment": "Argh.",
    "exercise": 7,
    "hint": "Vihje: \u00c4l\u00e4 valehtele ty\u00f6haastattelussa.",
    "answer": "Kana. Joo. Koska oon niin perhanan motivoitunu, ihan varppina."
  },
  "model": "courses.multiplechoiceexerciseanswer",
  "pk": 2
},
{
  "fields": {
    "correct": false,
    "comment": "",
    "exercise": 7,
    "hint": "",
    "answer": "EN TII\u00c4 APUA"
  },
  "model": "courses.multiplechoiceexerciseanswer",
  "pk": 3
},
{
  "fields": {
    "correct": true,
    "comment": "",
    "exercise": 7,
    "hint": "",
    "answer": "Muna. Kas siin\u00e4p\u00e4 kysymys. Raha. (Oikein kans)"
  },
  "model": "courses.multiplechoiceexerciseanswer",
  "pk": 4
},
{
  "fields": {
    "correct": true,
    "comment": "Hyv\u00e4 hyv\u00e4 oikein meni.",
    "exercise": 9,
    "hint": "Vihje: t\u00e4m\u00e4 on testiteht\u00e4v\u00e4, eik\u00e4 t\u00e4ss\u00e4k\u00e4\u00e4n vihjeess\u00e4 ole siten mit\u00e4\u00e4n j\u00e4rke\u00e4.",
    "answer": "Oikea vastaus."
  },
  "model": "courses.checkboxexerciseanswer",
  "pk": 1
},
{
  "fields": {
    "correct": false,
    "comment": "Argh.",
    "exercise": 9,
    "hint": "Vihje: \u00c4l\u00e4 valehtele ty\u00f6haastattelussa.",
    "answer": "Kana. Joo. Koska oon niin perhanan motivoitunu, ihan varppina."
  },
  "model": "courses.checkboxexerciseanswer",
  "pk": 2
},
{
  "fields": {
    "correct": false,
    "comment": "",
    "exercise": 9,
    "hint": "",
    "answer": "EN TII\u00c4 APUA"
  },
  "model": "courses.checkboxexerciseanswer",
  "pk": 3
},
{
  "fields": {
    "correct": true,
    "comment": "",
    "exercise": 9,
    "hint": "",
    "answer": "Muna. Kas siin\u00e4p\u00e4 kysymys. Raha. (Oikein kans)"
  },
  "model": "courses.checkboxexerciseanswer",
  "pk": 4
},
{
  "fields": {
    "replace_file": "Jokutiedosto",
    "exercise": 10,
    "replace_line": 3,
    "answer": "numero = int(input(\"Anna numero: \"))"
  },
  "model": "courses.codereplaceexerciseanswer",
  "pk": 1
},
{
  "fields": {
    "points": 1,
    "evaluator": null,
    "correct": true,
    "test_results": "{\"student\": {\"1\": {\"name\": \"Palautusharjoitus\", \"stages\": {\"1\": {\"name\": \"Ohjelman tarkistus:\", \"ordinal_number\": 1, \"commands\": {\"1\": {\"input_text\": \"\", \"runtime\": 0.06694674491882324, \"expected_retval\": null, \"binary_stdout\": false, \"ordinal_number\": 1, \"stdout\": \"Projektin palautus onnistui!\\nTutkitaan ohjelmaa...\\nProjektin palautus onnistui!\\nTutkitaan ohjelmaa...\\nTutkitaan l\\u00f6ytyyk\\u00f6 kissahahmoa...\\nL\\u00f6ytyi!\\nOikeat komennot l\\u00f6ytyiv\\u00e4t.\\nTutkitaan toista n kertaa -rakennetta...\\nTutkitaan toistorakenteen komentoja...\\nOikeat komennot l\\u00f6ytyiv\\u00e4t.\\nTarkistetaan, onko toistojen m\\u00e4\\u00e4r\\u00e4 oikein...\\nKomennon arvot olivat oikein\\n\", \"timedout\": false, \"command_line\": \"python palautusharjoitus.py palautusharjoitus.sb2\", \"binary_stderr\": false, \"significant_stderr\": true, \"stderr\": \"\", \"retval\": 0, \"significant_stdout\": true}}, \"fail\": false}}, \"fail\": false}}, \"reference\": {\"1\": {\"name\": \"Palautusharjoitus\", \"stages\": {\"1\": {\"name\": \"Ohjelman tarkistus:\", \"ordinal_number\": 1, \"commands\": {\"1\": {\"input_text\": \"\", \"runtime\": 0.0692451000213623, \"expected_retval\": null, \"binary_stdout\": false, \"ordinal_number\": 1, \"stdout\": \"Projektin palautus onnistui!\\nTutkitaan ohjelmaa...\\nProjektin palautus onnistui!\\nTutkitaan ohjelmaa...\\nTutkitaan l\\u00f6ytyyk\\u00f6 kissahahmoa...\\nL\\u00f6ytyi!\\nOikeat komennot l\\u00f6ytyiv\\u00e4t.\\nTutkitaan toista n kertaa -rakennetta...\\nTutkitaan toistorakenteen komentoja...\\nOikeat komennot l\\u00f6ytyiv\\u00e4t.\\nTarkistetaan, onko toistojen m\\u00e4\\u00e4r\\u00e4 oikein...\\nKomennon arvot olivat oikein\\n\", \"timedout\": false, \"command_line\": \"python palautusharjoitus.py palautusharjoitus.sb2\", \"binary_stderr\": false, \"significant_stderr\": true, \"stderr\": \"\", \"retval\": 0, \"significant_stdout\": true}}, \"fail\": false}}, \"fail\": false}}}",
    "feedback": "",
    "evaluation_date": "2015-06-28T17:59:04.642"
  },
  "model": "courses.evaluation",
  "pk": 1
},
{
  "fields": {
    "points": 1,
    "evaluator": null,
    "correct": true,
    "test_results": "{\"student\": {\"1\": {\"name\": \"Palautusharjoitus\", \"stages\": {\"1\": {\"name\": \"Ohjelman tarkistus:\", \"ordinal_number\": 1, \"commands\": {\"1\": {\"input_text\": \"\", \"runtime\": 0.03397035598754883, \"expected_retval\": null, \"binary_stdout\": false, \"ordinal_number\": 1, \"stdout\": \"Projektin palautus onnistui!\\nTutkitaan ohjelmaa...\\nProjektin palautus onnistui!\\nTutkitaan ohjelmaa...\\nTutkitaan l\\u00f6ytyyk\\u00f6 kissahahmoa...\\nL\\u00f6ytyi!\\nOikeat komennot l\\u00f6ytyiv\\u00e4t.\\nTutkitaan toista n kertaa -rakennetta...\\nTutkitaan toistorakenteen komentoja...\\nOikeat komennot l\\u00f6ytyiv\\u00e4t.\\nTarkistetaan, onko toistojen m\\u00e4\\u00e4r\\u00e4 oikein...\\nKomennon arvot olivat oikein\\n\", \"timedout\": false, \"command_line\": \"python palautusharjoitus.py palautusharjoitus.sb2\", \"binary_stderr\": false, \"significant_stderr\": true, \"stderr\": \"\", \"retval\": 0, \"significant_stdout\": true}}, \"fail\": false}}, \"fail\": false}}, \"reference\": {\"1\": {\"name\": \"Palautusharjoitus\", \"stages\": {\"1\": {\"name\": \"Ohjelman tarkistus:\", \"ordinal_number\": 1, \"commands\": {\"1\": {\"input_text\": \"\", \"runtime\": 0.03322625160217285, \"expected_retval\": null, \"binary_stdout\": false, \"ordinal_number\": 1, \"stdout\": \"Projektin palautus onnistui!\\nTutkitaan ohjelmaa...\\nProjektin palautus onnistui!\\nTutkitaan ohjelmaa...\\nTutkitaan l\\u00f6ytyyk\\u00f6 kissahahmoa...\\nL\\u00f6ytyi!\\nOikeat komennot l\\u00f6ytyiv\\u00e4t.\\nTutkitaan toista n kertaa -rakennetta...\\nTutkitaan toistorakenteen komentoja...\\nOikeat komennot l\\u00f6ytyiv\\u00e4t.\\nTarkistetaan, onko toistojen m\\u00e4\\u00e4r\\u00e4 oikein...\\nKomennon arvot olivat oikein\\n\", \"timedout\": false, \"command_line\": \"python palautusharjoitus.py palautusharjoitus.sb2\", \"binary_stderr\": false, \"significant_stderr\": true, \"stderr\": \"\", \"retval\": 0, \"significant_stdout\": true}}, \"fail\": false}}, \"fail\": false}}}",
    "feedback": "",
    "evaluation_date": "2015-06-28T17:59:13.462"
  },
  "model": "courses.evaluation",
  "pk": 2
},
{
  "fields": {
    "points": 1,
    "evaluator": null,
    "correct": true,
    "test_results": "{\"student\": {\"1\": {\"name\": \"Palautusharjoitus\", \"stages\": {\"1\": {\"name\": \"Ohjelman tarkistus:\", \"ordinal_number\": 1, \"commands\": {\"1\": {\"input_text\": \"\", \"runtime\": 0.03406500816345215, \"expected_retval\": null, \"binary_stdout\": false, \"ordinal_number\": 1, \"stdout\": \"Projektin palautus onnistui!\\nTutkitaan ohjelmaa...\\nProjektin palautus onnistui!\\nTutkitaan ohjelmaa...\\nTutkitaan l\\u00f6ytyyk\\u00f6 kissahahmoa...\\nL\\u00f6ytyi!\\nOikeat komennot l\\u00f6ytyiv\\u00e4t.\\nTutkitaan toista n kertaa -rakennetta...\\nTutkitaan toistorakenteen komentoja...\\nOikeat komennot l\\u00f6ytyiv\\u00e4t.\\nTarkistetaan, onko toistojen m\\u00e4\\u00e4r\\u00e4 oikein...\\nKomennon arvot olivat oikein\\n\", \"timedout\": false, \"command_line\": \"python palautusharjoitus.py palautusharjoitus.sb2\", \"binary_stderr\": false, \"significant_stderr\": true, \"stderr\": \"\", \"retval\": 0, \"significant_stdout\": true}}, \"fail\": false}}, \"fail\": false}}, \"reference\": {\"1\": {\"name\": \"Palautusharjoitus\", \"stages\": {\"1\": {\"name\": \"Ohjelman tarkistus:\", \"ordinal_number\": 1, \"commands\": {\"1\": {\"input_text\": \"\", \"runtime\": 0.0682981014251709, \"expected_retval\": null, \"binary_stdout\": false, \"ordinal_number\": 1, \"stdout\": \"Projektin palautus onnistui!\\nTutkitaan ohjelmaa...\\nProjektin palautus onnistui!\\nTutkitaan ohjelmaa...\\nTutkitaan l\\u00f6ytyyk\\u00f6 kissahahmoa...\\nL\\u00f6ytyi!\\nOikeat komennot l\\u00f6ytyiv\\u00e4t.\\nTutkitaan toista n kertaa -rakennetta...\\nTutkitaan toistorakenteen komentoja...\\nOikeat komennot l\\u00f6ytyiv\\u00e4t.\\nTarkistetaan, onko toistojen m\\u00e4\\u00e4r\\u00e4 oikein...\\nKomennon arvot olivat oikein\\n\", \"timedout\": false, \"command_line\": \"python palautusharjoitus.py palautusharjoitus.sb2\", \"binary_stderr\": false, \"significant_stderr\": true, \"stderr\": \"\", \"retval\": 0, \"significant_stdout\": true}}, \"fail\": false}}, \"fail\": false}}}",
    "feedback": "",
    "evaluation_date": "2015-06-28T19:32:58.278"
  },
  "model": "courses.evaluation",
  "pk": 3
},
{
  "fields": {
    "points": 1,
    "evaluator": null,
    "correct": true,
    "test_results": "{\"student\": {\"1\": {\"name\": \"Palautusharjoitus\", \"stages\": {\"1\": {\"name\": \"Ohjelman tarkistus:\", \"ordinal_number\": 1, \"commands\": {\"1\": {\"input_text\": \"\", \"runtime\": 0.06557178497314453, \"expected_retval\": null, \"binary_stdout\": false, \"ordinal_number\": 1, \"stdout\": \"Projektin palautus onnistui!\\nTutkitaan ohjelmaa...\\nProjektin palautus onnistui!\\nTutkitaan ohjelmaa...\\nTutkitaan l\\u00f6ytyyk\\u00f6 kissahahmoa...\\nL\\u00f6ytyi!\\nOikeat komennot l\\u00f6ytyiv\\u00e4t.\\nTutkitaan toista n kertaa -rakennetta...\\nTutkitaan toistorakenteen komentoja...\\nOikeat komennot l\\u00f6ytyiv\\u00e4t.\\nTarkistetaan, onko toistojen m\\u00e4\\u00e4r\\u00e4 oikein...\\nKomennon arvot olivat oikein\\n\", \"timedout\": false, \"command_line\": \"python palautusharjoitus.py palautusharjoitus.sb2\", \"binary_stderr\": false, \"significant_stderr\": true, \"stderr\": \"\", \"retval\": 0, \"significant_stdout\": true}}, \"fail\": false}}, \"fail\": false}}, \"reference\": {\"1\": {\"name\": \"Palautusharjoitus\", \"stages\": {\"1\": {\"name\": \"Ohjelman tarkistus:\", \"ordinal_number\": 1, \"commands\": {\"1\": {\"input_text\": \"\", \"runtime\": 0.03554987907409668, \"expected_retval\": null, \"binary_stdout\": false, \"ordinal_number\": 1, \"stdout\": \"Projektin palautus onnistui!\\nTutkitaan ohjelmaa...\\nProjektin palautus onnistui!\\nTutkitaan ohjelmaa...\\nTutkitaan l\\u00f6ytyyk\\u00f6 kissahahmoa...\\nL\\u00f6ytyi!\\nOikeat komennot l\\u00f6ytyiv\\u00e4t.\\nTutkitaan toista n kertaa -rakennetta...\\nTutkitaan toistorakenteen komentoja...\\nOikeat komennot l\\u00f6ytyiv\\u00e4t.\\nTarkistetaan, onko toistojen m\\u00e4\\u00e4r\\u00e4 oikein...\\nKomennon arvot olivat oikein\\n\", \"timedout\": false, \"command_line\": \"python palautusharjoitus.py palautusharjoitus.sb2\", \"binary_stderr\": false, \"significant_stderr\": true, \"stderr\": \"\", \"retval\": 0, \"significant_stdout\": true}}, \"fail\": false}}, \"fail\": false}}}",
    "feedback": "",
    "evaluation_date": "2015-06-28T19:33:02.571"
  },
  "model": "courses.evaluation",
  "pk": 4
},
{
  "fields": {
    "points": 1,
    "evaluator": null,
    "correct": true,
    "test_results": "{\"student\": {\"1\": {\"name\": \"Palautusharjoitus\", \"stages\": {\"1\": {\"name\": \"Ohjelman tarkistus:\", \"ordinal_number\": 1, \"commands\": {\"1\": {\"input_text\": \"\", \"runtime\": 0.03364992141723633, \"expected_retval\": null, \"binary_stdout\": false, \"ordinal_number\": 1, \"stdout\": \"Projektin palautus onnistui!\\nTutkitaan ohjelmaa...\\nProjektin palautus onnistui!\\nTutkitaan ohjelmaa...\\nTutkitaan l\\u00f6ytyyk\\u00f6 kissahahmoa...\\nL\\u00f6ytyi!\\nOikeat komennot l\\u00f6ytyiv\\u00e4t.\\nTutkitaan toista n kertaa -rakennetta...\\nTutkitaan toistorakenteen komentoja...\\nOikeat komennot l\\u00f6ytyiv\\u00e4t.\\nTarkistetaan, onko toistojen m\\u00e4\\u00e4r\\u00e4 oikein...\\nKomennon arvot olivat oikein\\n\", \"timedout\": false, \"command_line\": \"python palautusharjoitus.py palautusharjoitus.sb2\", \"binary_stderr\": false, \"significant_stderr\": true, \"stderr\": \"\", \"retval\": 0, \"significant_stdout\": true}}, \"fail\": false}}, \"fail\": false}}, \"reference\": {\"1\": {\"name\": \"Palautusharjoitus\", \"stages\": {\"1\": {\"name\": \"Ohjelman tarkistus:\", \"ordinal_number\": 1, \"commands\": {\"1\": {\"input_text\": \"\", \"runtime\": 0.066650390625, \"expected_retval\": null, \"binary_stdout\": false, \"ordinal_number\": 1, \"stdout\": \"Projektin palautus onnistui!\\nTutkitaan ohjelmaa...\\nProjektin palautus onnistui!\\nTutkitaan ohjelmaa...\\nTutkitaan l\\u00f6ytyyk\\u00f6 kissahahmoa...\\nL\\u00f6ytyi!\\nOikeat komennot l\\u00f6ytyiv\\u00e4t.\\nTutkitaan toista n kertaa -rakennetta...\\nTutkitaan toistorakenteen komentoja...\\nOikeat komennot l\\u00f6ytyiv\\u00e4t.\\nTarkistetaan, onko toistojen m\\u00e4\\u00e4r\\u00e4 oikein...\\nKomennon arvot olivat oikein\\n\", \"timedout\": false, \"command_line\": \"python palautusharjoitus.py palautusharjoitus.sb2\", \"binary_stderr\": false, \"significant_stderr\": true, \"stderr\": \"\", \"retval\": 0, \"significant_stdout\": true}}, \"fail\": false}}, \"fail\": false}}}",
    "feedback": "",
    "evaluation_date": "2015-06-28T19:33:07.062"
  },
  "model": "courses.evaluation",
  "pk": 5
},
{
  "fields": {
    "points": 1,
    "evaluator": null,
    "correct": true,
    "test_results": "{\"student\": {\"1\": {\"name\": \"Palautusharjoitus\", \"stages\": {\"1\": {\"name\": \"Ohjelman tarkistus:\", \"ordinal_number\": 1, \"commands\": {\"1\": {\"input_text\": \"\", \"runtime\": 0.03430604934692383, \"expected_retval\": null, \"binary_stdout\": false, \"ordinal_number\": 1, \"stdout\": \"Projektin palautus onnistui!\\nTutkitaan ohjelmaa...\\nProjektin palautus onnistui!\\nTutkitaan ohjelmaa...\\nTutkitaan l\\u00f6ytyyk\\u00f6 kissahahmoa...\\nL\\u00f6ytyi!\\nOikeat komennot l\\u00f6ytyiv\\u00e4t.\\nTutkitaan toista n kertaa -rakennetta...\\nTutkitaan toistorakenteen komentoja...\\nOikeat komennot l\\u00f6ytyiv\\u00e4t.\\nTarkistetaan, onko toistojen m\\u00e4\\u00e4r\\u00e4 oikein...\\nKomennon arvot olivat oikein\\n\", \"timedout\": false, \"command_line\": \"python palautusharjoitus.py palautusharjoitus.sb2\", \"binary_stderr\": false, \"significant_stderr\": true, \"stderr\": \"\", \"retval\": 0, \"significant_stdout\": true}}, \"fail\": false}}, \"fail\": false}}, \"reference\": {\"1\": {\"name\": \"Palautusharjoitus\", \"stages\": {\"1\": {\"name\": \"Ohjelman tarkistus:\", \"ordinal_number\": 1, \"commands\": {\"1\": {\"input_text\": \"\", \"runtime\": 0.06833457946777344, \"expected_retval\": null, \"binary_stdout\": false, \"ordinal_number\": 1, \"stdout\": \"Projektin palautus onnistui!\\nTutkitaan ohjelmaa...\\nProjektin palautus onnistui!\\nTutkitaan ohjelmaa...\\nTutkitaan l\\u00f6ytyyk\\u00f6 kissahahmoa...\\nL\\u00f6ytyi!\\nOikeat komennot l\\u00f6ytyiv\\u00e4t.\\nTutkitaan toista n kertaa -rakennetta...\\nTutkitaan toistorakenteen komentoja...\\nOikeat komennot l\\u00f6ytyiv\\u00e4t.\\nTarkistetaan, onko toistojen m\\u00e4\\u00e4r\\u00e4 oikein...\\nKomennon arvot olivat oikein\\n\", \"timedout\": false, \"command_line\": \"python palautusharjoitus.py palautusharjoitus.sb2\", \"binary_stderr\": false, \"significant_stderr\": true, \"stderr\": \"\", \"retval\": 0, \"significant_stdout\": true}}, \"fail\": false}}, \"fail\": false}}}",
    "feedback": "",
    "evaluation_date": "2015-06-28T19:33:12.192"
  },
  "model": "courses.evaluation",
  "pk": 6
},
{
  "fields": {
    "points": 1,
    "evaluator": null,
    "correct": true,
    "test_results": "{\"student\": {\"1\": {\"name\": \"Palautusharjoitus\", \"stages\": {\"1\": {\"name\": \"Ohjelman tarkistus:\", \"ordinal_number\": 1, \"commands\": {\"1\": {\"input_text\": \"\", \"runtime\": 0.03382444381713867, \"expected_retval\": null, \"binary_stdout\": false, \"ordinal_number\": 1, \"stdout\": \"Projektin palautus onnistui!\\nTutkitaan ohjelmaa...\\nProjektin palautus onnistui!\\nTutkitaan ohjelmaa...\\nTutkitaan l\\u00f6ytyyk\\u00f6 kissahahmoa...\\nL\\u00f6ytyi!\\nOikeat komennot l\\u00f6ytyiv\\u00e4t.\\nTutkitaan toista n kertaa -rakennetta...\\nTutkitaan toistorakenteen komentoja...\\nOikeat komennot l\\u00f6ytyiv\\u00e4t.\\nTarkistetaan, onko toistojen m\\u00e4\\u00e4r\\u00e4 oikein...\\nKomennon arvot olivat oikein\\n\", \"timedout\": false, \"command_line\": \"python palautusharjoitus.py palautusharjoitus.sb2\", \"binary_stderr\": false, \"significant_stderr\": true, \"stderr\": \"\", \"retval\": 0, \"significant_stdout\": true}}, \"fail\": false}}, \"fail\": false}}, \"reference\": {\"1\": {\"name\": \"Palautusharjoitus\", \"stages\": {\"1\": {\"name\": \"Ohjelman tarkistus:\", \"ordinal_number\": 1, \"commands\": {\"1\": {\"input_text\": \"\", \"runtime\": 0.06698799133300781, \"expected_retval\": null, \"binary_stdout\": false, \"ordinal_number\": 1, \"stdout\": \"Projektin palautus onnistui!\\nTutkitaan ohjelmaa...\\nProjektin palautus onnistui!\\nTutkitaan ohjelmaa...\\nTutkitaan l\\u00f6ytyyk\\u00f6 kissahahmoa...\\nL\\u00f6ytyi!\\nOikeat komennot l\\u00f6ytyiv\\u00e4t.\\nTutkitaan toista n kertaa -rakennetta...\\nTutkitaan toistorakenteen komentoja...\\nOikeat komennot l\\u00f6ytyiv\\u00e4t.\\nTarkistetaan, onko toistojen m\\u00e4\\u00e4r\\u00e4 oikein...\\nKomennon arvot olivat oikein\\n\", \"timedout\": false, \"command_line\": \"python palautusharjoitus.py palautusharjoitus.sb2\", \"binary_stderr\": false, \"significant_stderr\": true, \"stderr\": \"\", \"retval\": 0, \"significant_stdout\": true}}, \"fail\": false}}, \"fail\": false}}}",
    "feedback": "",
    "evaluation_date": "2015-06-28T19:33:18.207"
  },
  "model": "courses.evaluation",
  "pk": 7
},
{
  "fields": {
    "points": 1,
    "evaluator": null,
    "correct": false,
    "test_results": "{\"student\": {\"1\": {\"name\": \"Palautusharjoitus\", \"stages\": {\"1\": {\"name\": \"Ohjelman tarkistus:\", \"ordinal_number\": 1, \"commands\": {\"1\": {\"input_text\": \"\", \"runtime\": 0.03323721885681152, \"expected_retval\": null, \"binary_stdout\": false, \"ordinal_number\": 1, \"stdout\": \"Tiedosto on v\\u00e4\\u00e4r\\u00e4\\u00e4 muotoa\\n\", \"timedout\": false, \"command_line\": \"python palautusharjoitus.py palautusharjoitus_Jsx652c_MVwKnLg.py\", \"binary_stderr\": false, \"significant_stderr\": true, \"stderr\": \"\", \"retval\": 0, \"significant_stdout\": true}}, \"fail\": false}}, \"fail\": false}}, \"reference\": {\"1\": {\"name\": \"Palautusharjoitus\", \"stages\": {\"1\": {\"name\": \"Ohjelman tarkistus:\", \"ordinal_number\": 1, \"commands\": {\"1\": {\"input_text\": \"\", \"runtime\": 0.03464555740356445, \"expected_retval\": null, \"binary_stdout\": false, \"ordinal_number\": 1, \"stdout\": \"Projektin palautus onnistui!\\nTutkitaan ohjelmaa...\\nProjektin palautus onnistui!\\nTutkitaan ohjelmaa...\\nTutkitaan l\\u00f6ytyyk\\u00f6 kissahahmoa...\\nL\\u00f6ytyi!\\nOikeat komennot l\\u00f6ytyiv\\u00e4t.\\nTutkitaan toista n kertaa -rakennetta...\\nTutkitaan toistorakenteen komentoja...\\nOikeat komennot l\\u00f6ytyiv\\u00e4t.\\nTarkistetaan, onko toistojen m\\u00e4\\u00e4r\\u00e4 oikein...\\nKomennon arvot olivat oikein\\n\", \"timedout\": false, \"command_line\": \"python palautusharjoitus.py palautusharjoitus.sb2\", \"binary_stderr\": false, \"significant_stderr\": true, \"stderr\": \"\", \"retval\": 0, \"significant_stdout\": true}}, \"fail\": false}}, \"fail\": false}}}",
    "feedback": "",
    "evaluation_date": "2015-06-28T19:33:26.368"
  },
  "model": "courses.evaluation",
  "pk": 8
},
{
  "fields": {
    "points": 1,
    "evaluator": null,
    "correct": false,
    "test_results": "{\"student\": {\"1\": {\"name\": \"Palautusharjoitus\", \"stages\": {\"1\": {\"name\": \"Ohjelman tarkistus:\", \"ordinal_number\": 1, \"commands\": {\"1\": {\"input_text\": \"\", \"runtime\": 0.03334498405456543, \"expected_retval\": null, \"binary_stdout\": false, \"ordinal_number\": 1, \"stdout\": \"Tiedosto on v\\u00e4\\u00e4r\\u00e4\\u00e4 muotoa\\n\", \"timedout\": false, \"command_line\": \"python palautusharjoitus.py palautusharjoitus_Jsx652c_MVwKnLg.py\", \"binary_stderr\": false, \"significant_stderr\": true, \"stderr\": \"\", \"retval\": 0, \"significant_stdout\": true}}, \"fail\": false}}, \"fail\": false}}, \"reference\": {\"1\": {\"name\": \"Palautusharjoitus\", \"stages\": {\"1\": {\"name\": \"Ohjelman tarkistus:\", \"ordinal_number\": 1, \"commands\": {\"1\": {\"input_text\": \"\", \"runtime\": 0.03428983688354492, \"expected_retval\": null, \"binary_stdout\": false, \"ordinal_number\": 1, \"stdout\": \"Projektin palautus onnistui!\\nTutkitaan ohjelmaa...\\nProjektin palautus onnistui!\\nTutkitaan ohjelmaa...\\nTutkitaan l\\u00f6ytyyk\\u00f6 kissahahmoa...\\nL\\u00f6ytyi!\\nOikeat komennot l\\u00f6ytyiv\\u00e4t.\\nTutkitaan toista n kertaa -rakennetta...\\nTutkitaan toistorakenteen komentoja...\\nOikeat komennot l\\u00f6ytyiv\\u00e4t.\\nTarkistetaan, onko toistojen m\\u00e4\\u00e4r\\u00e4 oikein...\\nKomennon arvot olivat oikein\\n\", \"timedout\": false, \"command_line\": \"python palautusharjoitus.py palautusharjoitus.sb2\", \"binary_stderr\": false, \"significant_stderr\": true, \"stderr\": \"\", \"retval\": 0, \"significant_stdout\": true}}, \"fail\": false}}, \"fail\": false}}}",
    "feedback": "",
    "evaluation_date": "2015-06-28T19:33:28.952"
  },
  "model": "courses.evaluation",
  "pk": 9
},
{
  "fields": {
    "points": 1,
    "evaluator": null,
    "correct": true,
    "test_results": "{\"student\": {\"1\": {\"name\": \"Palautusharjoitus\", \"stages\": {\"1\": {\"name\": \"Ohjelman tarkistus:\", \"ordinal_number\": 1, \"commands\": {\"1\": {\"input_text\": \"\", \"runtime\": 0.06684207916259766, \"expected_retval\": null, \"binary_stdout\": false, \"ordinal_number\": 1, \"stdout\": \"Projektin palautus onnistui!\\nTutkitaan ohjelmaa...\\nProjektin palautus onnistui!\\nTutkitaan ohjelmaa...\\nTutkitaan l\\u00f6ytyyk\\u00f6 kissahahmoa...\\nL\\u00f6ytyi!\\nOikeat komennot l\\u00f6ytyiv\\u00e4t.\\nTutkitaan toista n kertaa -rakennetta...\\nTutkitaan toistorakenteen komentoja...\\nOikeat komennot l\\u00f6ytyiv\\u00e4t.\\nTarkistetaan, onko toistojen m\\u00e4\\u00e4r\\u00e4 oikein...\\nKomennon arvot olivat oikein\\n\", \"timedout\": false, \"command_line\": \"python palautusharjoitus.py palautusharjoitus.sb2\", \"binary_stderr\": false, \"significant_stderr\": true, \"stderr\": \"\", \"retval\": 0, \"significant_stdout\": true}}, \"fail\": false}}, \"fail\": false}}, \"reference\": {\"1\": {\"name\": \"Palautusharjoitus\", \"stages\": {\"1\": {\"name\": \"Ohjelman tarkistus:\", \"ordinal_number\": 1, \"commands\": {\"1\": {\"input_text\": \"\", \"runtime\": 0.06816649436950684, \"expected_retval\": null, \"binary_stdout\": false, \"ordinal_number\": 1, \"stdout\": \"Projektin palautus onnistui!\\nTutkitaan ohjelmaa...\\nProjektin palautus onnistui!\\nTutkitaan ohjelmaa...\\nTutkitaan l\\u00f6ytyyk\\u00f6 kissahahmoa...\\nL\\u00f6ytyi!\\nOikeat komennot l\\u00f6ytyiv\\u00e4t.\\nTutkitaan toista n kertaa -rakennetta...\\nTutkitaan toistorakenteen komentoja...\\nOikeat komennot l\\u00f6ytyiv\\u00e4t.\\nTarkistetaan, onko toistojen m\\u00e4\\u00e4r\\u00e4 oikein...\\nKomennon arvot olivat oikein\\n\", \"timedout\": false, \"command_line\": \"python palautusharjoitus.py palautusharjoitus.sb2\", \"binary_stderr\": false, \"significant_stderr\": true, \"stderr\": \"\", \"retval\": 0, \"significant_stdout\": true}}, \"fail\": false}}, \"fail\": false}}}",
    "feedback": "",
    "evaluation_date": "2015-06-28T19:33:38.522"
  },
  "model": "courses.evaluation",
  "pk": 10
},
{
  "fields": {
    "points": 1,
    "evaluator": null,
    "correct": true,
    "test_results": "{\"student\": {\"1\": {\"name\": \"Palautusharjoitus\", \"stages\": {\"1\": {\"name\": \"Ohjelman tarkistus:\", \"ordinal_number\": 1, \"commands\": {\"1\": {\"input_text\": \"\", \"runtime\": 0.03338932991027832, \"expected_retval\": null, \"binary_stdout\": false, \"ordinal_number\": 1, \"stdout\": \"Projektin palautus onnistui!\\nTutkitaan ohjelmaa...\\nProjektin palautus onnistui!\\nTutkitaan ohjelmaa...\\nTutkitaan l\\u00f6ytyyk\\u00f6 kissahahmoa...\\nL\\u00f6ytyi!\\nOikeat komennot l\\u00f6ytyiv\\u00e4t.\\nTutkitaan toista n kertaa -rakennetta...\\nTutkitaan toistorakenteen komentoja...\\nOikeat komennot l\\u00f6ytyiv\\u00e4t.\\nTarkistetaan, onko toistojen m\\u00e4\\u00e4r\\u00e4 oikein...\\nKomennon arvot olivat oikein\\n\", \"timedout\": false, \"command_line\": \"python palautusharjoitus.py palautusharjoitus.sb2\", \"binary_stderr\": false, \"significant_stderr\": true, \"stderr\": \"\", \"retval\": 0, \"significant_stdout\": true}}, \"fail\": false}}, \"fail\": false}}, \"reference\": {\"1\": {\"name\": \"Palautusharjoitus\", \"stages\": {\"1\": {\"name\": \"Ohjelman tarkistus:\", \"ordinal_number\": 1, \"commands\": {\"1\": {\"input_text\": \"\", \"runtime\": 0.06853818893432617, \"expected_retval\": null, \"binary_stdout\": false, \"ordinal_number\": 1, \"stdout\": \"Projektin palautus onnistui!\\nTutkitaan ohjelmaa...\\nProjektin palautus onnistui!\\nTutkitaan ohjelmaa...\\nTutkitaan l\\u00f6ytyyk\\u00f6 kissahahmoa...\\nL\\u00f6ytyi!\\nOikeat komennot l\\u00f6ytyiv\\u00e4t.\\nTutkitaan toista n kertaa -rakennetta...\\nTutkitaan toistorakenteen komentoja...\\nOikeat komennot l\\u00f6ytyiv\\u00e4t.\\nTarkistetaan, onko toistojen m\\u00e4\\u00e4r\\u00e4 oikein...\\nKomennon arvot olivat oikein\\n\", \"timedout\": false, \"command_line\": \"python palautusharjoitus.py palautusharjoitus.sb2\", \"binary_stderr\": false, \"significant_stderr\": true, \"stderr\": \"\", \"retval\": 0, \"significant_stdout\": true}}, \"fail\": false}}, \"fail\": false}}}",
    "feedback": "",
    "evaluation_date": "2015-06-28T19:33:41.393"
  },
  "model": "courses.evaluation",
  "pk": 11
},
{
  "fields": {
    "points": 1,
    "evaluator": null,
    "correct": true,
    "test_results": "{\"student\": {\"1\": {\"name\": \"Palautusharjoitus\", \"stages\": {\"1\": {\"name\": \"Ohjelman tarkistus:\", \"ordinal_number\": 1, \"commands\": {\"1\": {\"input_text\": \"\", \"runtime\": 0.03392672538757324, \"expected_retval\": null, \"binary_stdout\": false, \"ordinal_number\": 1, \"stdout\": \"Projektin palautus onnistui!\\nTutkitaan ohjelmaa...\\nProjektin palautus onnistui!\\nTutkitaan ohjelmaa...\\nTutkitaan l\\u00f6ytyyk\\u00f6 kissahahmoa...\\nL\\u00f6ytyi!\\nOikeat komennot l\\u00f6ytyiv\\u00e4t.\\nTutkitaan toista n kertaa -rakennetta...\\nTutkitaan toistorakenteen komentoja...\\nOikeat komennot l\\u00f6ytyiv\\u00e4t.\\nTarkistetaan, onko toistojen m\\u00e4\\u00e4r\\u00e4 oikein...\\nKomennon arvot olivat oikein\\n\", \"timedout\": false, \"command_line\": \"python palautusharjoitus.py palautusharjoitus.sb2\", \"binary_stderr\": false, \"significant_stderr\": true, \"stderr\": \"\", \"retval\": 0, \"significant_stdout\": true}}, \"fail\": false}}, \"fail\": false}}, \"reference\": {\"1\": {\"name\": \"Palautusharjoitus\", \"stages\": {\"1\": {\"name\": \"Ohjelman tarkistus:\", \"ordinal_number\": 1, \"commands\": {\"1\": {\"input_text\": \"\", \"runtime\": 0.06587338447570801, \"expected_retval\": null, \"binary_stdout\": false, \"ordinal_number\": 1, \"stdout\": \"Projektin palautus onnistui!\\nTutkitaan ohjelmaa...\\nProjektin palautus onnistui!\\nTutkitaan ohjelmaa...\\nTutkitaan l\\u00f6ytyyk\\u00f6 kissahahmoa...\\nL\\u00f6ytyi!\\nOikeat komennot l\\u00f6ytyiv\\u00e4t.\\nTutkitaan toista n kertaa -rakennetta...\\nTutkitaan toistorakenteen komentoja...\\nOikeat komennot l\\u00f6ytyiv\\u00e4t.\\nTarkistetaan, onko toistojen m\\u00e4\\u00e4r\\u00e4 oikein...\\nKomennon arvot olivat oikein\\n\", \"timedout\": false, \"command_line\": \"python palautusharjoitus.py palautusharjoitus.sb2\", \"binary_stderr\": false, \"significant_stderr\": true, \"stderr\": \"\", \"retval\": 0, \"significant_stdout\": true}}, \"fail\": false}}, \"fail\": false}}}",
    "feedback": "",
    "evaluation_date": "2015-06-28T19:39:31.381"
  },
  "model": "courses.evaluation",
  "pk": 12
},
{
  "fields": {
    "points": 1,
    "evaluator": null,
    "correct": true,
    "test_results": "{\"student\": {\"1\": {\"name\": \"Palautusharjoitus\", \"stages\": {\"1\": {\"name\": \"Ohjelman tarkistus:\", \"ordinal_number\": 1, \"commands\": {\"1\": {\"input_text\": \"\", \"runtime\": 0.0678713321685791, \"expected_retval\": null, \"binary_stdout\": false, \"ordinal_number\": 1, \"stdout\": \"Projektin palautus onnistui!\\nTutkitaan ohjelmaa...\\nProjektin palautus onnistui!\\nTutkitaan ohjelmaa...\\nTutkitaan l\\u00f6ytyyk\\u00f6 kissahahmoa...\\nL\\u00f6ytyi!\\nOikeat komennot l\\u00f6ytyiv\\u00e4t.\\nTutkitaan toista n kertaa -rakennetta...\\nTutkitaan toistorakenteen komentoja...\\nOikeat komennot l\\u00f6ytyiv\\u00e4t.\\nTarkistetaan, onko toistojen m\\u00e4\\u00e4r\\u00e4 oikein...\\nKomennon arvot olivat oikein\\n\", \"timedout\": false, \"command_line\": \"python palautusharjoitus.py palautusharjoitus.sb2\", \"binary_stderr\": false, \"significant_stderr\": true, \"stderr\": \"\", \"retval\": 0, \"significant_stdout\": true}}, \"fail\": false}}, \"fail\": false}}, \"reference\": {\"1\": {\"name\": \"Palautusharjoitus\", \"stages\": {\"1\": {\"name\": \"Ohjelman tarkistus:\", \"ordinal_number\": 1, \"commands\": {\"1\": {\"input_text\": \"\", \"runtime\": 0.03512072563171387, \"expected_retval\": null, \"binary_stdout\": false, \"ordinal_number\": 1, \"stdout\": \"Projektin palautus onnistui!\\nTutkitaan ohjelmaa...\\nProjektin palautus onnistui!\\nTutkitaan ohjelmaa...\\nTutkitaan l\\u00f6ytyyk\\u00f6 kissahahmoa...\\nL\\u00f6ytyi!\\nOikeat komennot l\\u00f6ytyiv\\u00e4t.\\nTutkitaan toista n kertaa -rakennetta...\\nTutkitaan toistorakenteen komentoja...\\nOikeat komennot l\\u00f6ytyiv\\u00e4t.\\nTarkistetaan, onko toistojen m\\u00e4\\u00e4r\\u00e4 oikein...\\nKomennon arvot olivat oikein\\n\", \"timedout\": false, \"command_line\": \"python palautusharjoitus.py palautusharjoitus.sb2\", \"binary_stderr\": false, \"significant_stderr\": true, \"stderr\": \"\", \"retval\": 0, \"significant_stdout\": true}}, \"fail\": false}}, \"fail\": false}}}",
    "feedback": "",
    "evaluation_date": "2015-06-28T19:39:34.109"
  },
  "model": "courses.evaluation",
  "pk": 13
},
{
  "fields": {
    "points": 1,
    "evaluator": null,
    "correct": false,
    "test_results": "{\"student\": {\"1\": {\"name\": \"Palautusharjoitus\", \"stages\": {\"1\": {\"name\": \"Ohjelman tarkistus:\", \"ordinal_number\": 1, \"commands\": {\"1\": {\"input_text\": \"\", \"runtime\": 0.034020423889160156, \"expected_retval\": null, \"binary_stdout\": false, \"ordinal_number\": 1, \"stdout\": \"Tiedosto on v\\u00e4\\u00e4r\\u00e4\\u00e4 muotoa\\n\", \"timedout\": false, \"command_line\": \"python palautusharjoitus.py palautusharjoitus_Jsx652c_MVwKnLg.py\", \"binary_stderr\": false, \"significant_stderr\": true, \"stderr\": \"\", \"retval\": 0, \"significant_stdout\": true}}, \"fail\": false}}, \"fail\": false}}, \"reference\": {\"1\": {\"name\": \"Palautusharjoitus\", \"stages\": {\"1\": {\"name\": \"Ohjelman tarkistus:\", \"ordinal_number\": 1, \"commands\": {\"1\": {\"input_text\": \"\", \"runtime\": 0.06766605377197266, \"expected_retval\": null, \"binary_stdout\": false, \"ordinal_number\": 1, \"stdout\": \"Projektin palautus onnistui!\\nTutkitaan ohjelmaa...\\nProjektin palautus onnistui!\\nTutkitaan ohjelmaa...\\nTutkitaan l\\u00f6ytyyk\\u00f6 kissahahmoa...\\nL\\u00f6ytyi!\\nOikeat komennot l\\u00f6ytyiv\\u00e4t.\\nTutkitaan toista n kertaa -rakennetta...\\nTutkitaan toistorakenteen komentoja...\\nOikeat komennot l\\u00f6ytyiv\\u00e4t.\\nTarkistetaan, onko toistojen m\\u00e4\\u00e4r\\u00e4 oikein...\\nKomennon arvot olivat oikein\\n\", \"timedout\": false, \"command_line\": \"python palautusharjoitus.py palautusharjoitus.sb2\", \"binary_stderr\": false, \"significant_stderr\": true, \"stderr\": \"\", \"retval\": 0, \"significant_stdout\": true}}, \"fail\": false}}, \"fail\": false}}}",
    "feedback": "",
    "evaluation_date": "2015-06-28T19:39:39.175"
  },
  "model": "courses.evaluation",
  "pk": 14
},
{
  "fields": {
    "points": 1,
    "evaluator": null,
    "correct": false,
    "test_results": "{\"student\": {\"1\": {\"name\": \"Palautusharjoitus\", \"stages\": {\"1\": {\"name\": \"Ohjelman tarkistus:\", \"ordinal_number\": 1, \"commands\": {\"1\": {\"input_text\": \"\", \"runtime\": 0.03483104705810547, \"expected_retval\": null, \"binary_stdout\": false, \"ordinal_number\": 1, \"stdout\": \"Tiedosto on v\\u00e4\\u00e4r\\u00e4\\u00e4 muotoa\\n\", \"timedout\": false, \"command_line\": \"python palautusharjoitus.py palautusharjoitus_Jsx652c_MVwKnLg.py\", \"binary_stderr\": false, \"significant_stderr\": true, \"stderr\": \"\", \"retval\": 0, \"significant_stdout\": true}}, \"fail\": false}}, \"fail\": false}}, \"reference\": {\"1\": {\"name\": \"Palautusharjoitus\", \"stages\": {\"1\": {\"name\": \"Ohjelman tarkistus:\", \"ordinal_number\": 1, \"commands\": {\"1\": {\"input_text\": \"\", \"runtime\": 0.033270835876464844, \"expected_retval\": null, \"binary_stdout\": false, \"ordinal_number\": 1, \"stdout\": \"Projektin palautus onnistui!\\nTutkitaan ohjelmaa...\\nProjektin palautus onnistui!\\nTutkitaan ohjelmaa...\\nTutkitaan l\\u00f6ytyyk\\u00f6 kissahahmoa...\\nL\\u00f6ytyi!\\nOikeat komennot l\\u00f6ytyiv\\u00e4t.\\nTutkitaan toista n kertaa -rakennetta...\\nTutkitaan toistorakenteen komentoja...\\nOikeat komennot l\\u00f6ytyiv\\u00e4t.\\nTarkistetaan, onko toistojen m\\u00e4\\u00e4r\\u00e4 oikein...\\nKomennon arvot olivat oikein\\n\", \"timedout\": false, \"command_line\": \"python palautusharjoitus.py palautusharjoitus.sb2\", \"binary_stderr\": false, \"significant_stderr\": true, \"stderr\": \"\", \"retval\": 0, \"significant_stdout\": true}}, \"fail\": false}}, \"fail\": false}}}",
    "feedback": "",
    "evaluation_date": "2015-06-28T19:39:41.918"
  },
  "model": "courses.evaluation",
  "pk": 15
},
{
  "fields": {
    "points": 1,
    "evaluator": null,
    "correct": true,
    "test_results": "{\"student\": {\"1\": {\"name\": \"Palautusharjoitus\", \"stages\": {\"1\": {\"name\": \"Ohjelman tarkistus:\", \"ordinal_number\": 1, \"commands\": {\"1\": {\"input_text\": \"\", \"runtime\": 0.033284664154052734, \"expected_retval\": null, \"binary_stdout\": false, \"ordinal_number\": 1, \"stdout\": \"Projektin palautus onnistui!\\nTutkitaan ohjelmaa...\\nProjektin palautus onnistui!\\nTutkitaan ohjelmaa...\\nTutkitaan l\\u00f6ytyyk\\u00f6 kissahahmoa...\\nL\\u00f6ytyi!\\nOikeat komennot l\\u00f6ytyiv\\u00e4t.\\nTutkitaan toista n kertaa -rakennetta...\\nTutkitaan toistorakenteen komentoja...\\nOikeat komennot l\\u00f6ytyiv\\u00e4t.\\nTarkistetaan, onko toistojen m\\u00e4\\u00e4r\\u00e4 oikein...\\nKomennon arvot olivat oikein\\n\", \"timedout\": false, \"command_line\": \"python palautusharjoitus.py palautusharjoitus.sb2\", \"binary_stderr\": false, \"significant_stderr\": true, \"stderr\": \"\", \"retval\": 0, \"significant_stdout\": true}}, \"fail\": false}}, \"fail\": false}}, \"reference\": {\"1\": {\"name\": \"Palautusharjoitus\", \"stages\": {\"1\": {\"name\": \"Ohjelman tarkistus:\", \"ordinal_number\": 1, \"commands\": {\"1\": {\"input_text\": \"\", \"runtime\": 0.06733012199401855, \"expected_retval\": null, \"binary_stdout\": false, \"ordinal_number\": 1, \"stdout\": \"Projektin palautus onnistui!\\nTutkitaan ohjelmaa...\\nProjektin palautus onnistui!\\nTutkitaan ohjelmaa...\\nTutkitaan l\\u00f6ytyyk\\u00f6 kissahahmoa...\\nL\\u00f6ytyi!\\nOikeat komennot l\\u00f6ytyiv\\u00e4t.\\nTutkitaan toista n kertaa -rakennetta...\\nTutkitaan toistorakenteen komentoja...\\nOikeat komennot l\\u00f6ytyiv\\u00e4t.\\nTarkistetaan, onko toistojen m\\u00e4\\u00e4r\\u00e4 oikein...\\nKomennon arvot olivat oikein\\n\", \"timedout\": false, \"command_line\": \"python palautusharjoitus.py palautusharjoitus.sb2\", \"binary_stderr\": false, \"significant_stderr\": true, \"stderr\": \"\", \"retval\": 0, \"significant_stdout\": true}}, \"fail\": false}}, \"fail\": false}}}",
    "feedback": "",
    "evaluation_date": "2015-06-28T19:42:51.997"
  },
  "model": "courses.evaluation",
  "pk": 16
},
{
  "fields": {
    "points": 1,
    "evaluator": null,
    "correct": true,
    "test_results": "{\"student\": {\"1\": {\"name\": \"Palautusharjoitus\", \"stages\": {\"1\": {\"name\": \"Ohjelman tarkistus:\", \"ordinal_number\": 1, \"commands\": {\"1\": {\"input_text\": \"\", \"runtime\": 0.03334784507751465, \"expected_retval\": null, \"binary_stdout\": false, \"ordinal_number\": 1, \"stdout\": \"Projektin palautus onnistui!\\nTutkitaan ohjelmaa...\\nProjektin palautus onnistui!\\nTutkitaan ohjelmaa...\\nTutkitaan l\\u00f6ytyyk\\u00f6 kissahahmoa...\\nL\\u00f6ytyi!\\nOikeat komennot l\\u00f6ytyiv\\u00e4t.\\nTutkitaan toista n kertaa -rakennetta...\\nTutkitaan toistorakenteen komentoja...\\nOikeat komennot l\\u00f6ytyiv\\u00e4t.\\nTarkistetaan, onko toistojen m\\u00e4\\u00e4r\\u00e4 oikein...\\nKomennon arvot olivat oikein\\n\", \"timedout\": false, \"command_line\": \"python palautusharjoitus.py palautusharjoitus.sb2\", \"binary_stderr\": false, \"significant_stderr\": true, \"stderr\": \"\", \"retval\": 0, \"significant_stdout\": true}}, \"fail\": false}}, \"fail\": false}}, \"reference\": {\"1\": {\"name\": \"Palautusharjoitus\", \"stages\": {\"1\": {\"name\": \"Ohjelman tarkistus:\", \"ordinal_number\": 1, \"commands\": {\"1\": {\"input_text\": \"\", \"runtime\": 0.035727739334106445, \"expected_retval\": null, \"binary_stdout\": false, \"ordinal_number\": 1, \"stdout\": \"Projektin palautus onnistui!\\nTutkitaan ohjelmaa...\\nProjektin palautus onnistui!\\nTutkitaan ohjelmaa...\\nTutkitaan l\\u00f6ytyyk\\u00f6 kissahahmoa...\\nL\\u00f6ytyi!\\nOikeat komennot l\\u00f6ytyiv\\u00e4t.\\nTutkitaan toista n kertaa -rakennetta...\\nTutkitaan toistorakenteen komentoja...\\nOikeat komennot l\\u00f6ytyiv\\u00e4t.\\nTarkistetaan, onko toistojen m\\u00e4\\u00e4r\\u00e4 oikein...\\nKomennon arvot olivat oikein\\n\", \"timedout\": false, \"command_line\": \"python palautusharjoitus.py palautusharjoitus.sb2\", \"binary_stderr\": false, \"significant_stderr\": true, \"stderr\": \"\", \"retval\": 0, \"significant_stdout\": true}}, \"fail\": false}}, \"fail\": false}}}",
    "feedback": "",
    "evaluation_date": "2015-06-28T19:44:07.103"
  },
  "model": "courses.evaluation",
  "pk": 17
},
{
  "fields": {
    "points": 1,
    "evaluator": null,
    "correct": false,
    "test_results": "{\"student\": {\"1\": {\"name\": \"Palautusharjoitus\", \"stages\": {\"1\": {\"name\": \"Ohjelman tarkistus:\", \"ordinal_number\": 1, \"commands\": {\"1\": {\"input_text\": \"\", \"runtime\": 0.06705927848815918, \"expected_retval\": null, \"binary_stdout\": false, \"ordinal_number\": 1, \"stdout\": \"Tiedosto on v\\u00e4\\u00e4r\\u00e4\\u00e4 muotoa\\n\", \"timedout\": false, \"command_line\": \"python palautusharjoitus.py palautusharjoitus_Jsx652c_MVwKnLg.py palautusharjoitus.sb2\", \"binary_stderr\": false, \"significant_stderr\": true, \"stderr\": \"\", \"retval\": 0, \"significant_stdout\": true}}, \"fail\": false}}, \"fail\": false}}, \"reference\": {\"1\": {\"name\": \"Palautusharjoitus\", \"stages\": {\"1\": {\"name\": \"Ohjelman tarkistus:\", \"ordinal_number\": 1, \"commands\": {\"1\": {\"input_text\": \"\", \"runtime\": 0.0350956916809082, \"expected_retval\": null, \"binary_stdout\": false, \"ordinal_number\": 1, \"stdout\": \"Projektin palautus onnistui!\\nTutkitaan ohjelmaa...\\nProjektin palautus onnistui!\\nTutkitaan ohjelmaa...\\nTutkitaan l\\u00f6ytyyk\\u00f6 kissahahmoa...\\nL\\u00f6ytyi!\\nOikeat komennot l\\u00f6ytyiv\\u00e4t.\\nTutkitaan toista n kertaa -rakennetta...\\nTutkitaan toistorakenteen komentoja...\\nOikeat komennot l\\u00f6ytyiv\\u00e4t.\\nTarkistetaan, onko toistojen m\\u00e4\\u00e4r\\u00e4 oikein...\\nKomennon arvot olivat oikein\\n\", \"timedout\": false, \"command_line\": \"python palautusharjoitus.py palautusharjoitus.sb2\", \"binary_stderr\": false, \"significant_stderr\": true, \"stderr\": \"\", \"retval\": 0, \"significant_stdout\": true}}, \"fail\": false}}, \"fail\": false}}}",
    "feedback": "",
    "evaluation_date": "2015-06-28T19:44:17.896"
  },
  "model": "courses.evaluation",
  "pk": 18
},
{
  "fields": {
    "points": 1,
    "evaluator": null,
    "correct": true,
    "test_results": "{\"reference\": {\"1\": {\"name\": \"Palautusharjoitus\", \"fail\": false, \"stages\": {\"1\": {\"name\": \"Ohjelman tarkistus:\", \"fail\": false, \"commands\": {\"1\": {\"timedout\": false, \"binary_stderr\": false, \"input_text\": \"\", \"significant_stdout\": true, \"retval\": 0, \"ordinal_number\": 1, \"runtime\": 0.0675497055053711, \"command_line\": \"python palautusharjoitus.py palautusharjoitus.sb2\", \"expected_retval\": null, \"binary_stdout\": false, \"stderr\": \"\", \"significant_stderr\": true, \"stdout\": \"Projektin palautus onnistui!\\nTutkitaan ohjelmaa...\\nProjektin palautus onnistui!\\nTutkitaan ohjelmaa...\\nTutkitaan l\\u00f6ytyyk\\u00f6 kissahahmoa...\\nL\\u00f6ytyi!\\nOikeat komennot l\\u00f6ytyiv\\u00e4t.\\nTutkitaan toista n kertaa -rakennetta...\\nTutkitaan toistorakenteen komentoja...\\nOikeat komennot l\\u00f6ytyiv\\u00e4t.\\nTarkistetaan, onko toistojen m\\u00e4\\u00e4r\\u00e4 oikein...\\nKomennon arvot olivat oikein\\n\"}}, \"ordinal_number\": 1}}}}, \"student\": {\"1\": {\"name\": \"Palautusharjoitus\", \"fail\": false, \"stages\": {\"1\": {\"name\": \"Ohjelman tarkistus:\", \"fail\": false, \"commands\": {\"1\": {\"timedout\": false, \"binary_stderr\": false, \"input_text\": \"\", \"significant_stdout\": true, \"retval\": 0, \"ordinal_number\": 1, \"runtime\": 0.11873292922973633, \"command_line\": \"python palautusharjoitus.py palautusharjoitus.sb2\", \"expected_retval\": null, \"binary_stdout\": false, \"stderr\": \"\", \"significant_stderr\": true, \"stdout\": \"Projektin palautus onnistui!\\nTutkitaan ohjelmaa...\\nProjektin palautus onnistui!\\nTutkitaan ohjelmaa...\\nTutkitaan l\\u00f6ytyyk\\u00f6 kissahahmoa...\\nL\\u00f6ytyi!\\nOikeat komennot l\\u00f6ytyiv\\u00e4t.\\nTutkitaan toista n kertaa -rakennetta...\\nTutkitaan toistorakenteen komentoja...\\nOikeat komennot l\\u00f6ytyiv\\u00e4t.\\nTarkistetaan, onko toistojen m\\u00e4\\u00e4r\\u00e4 oikein...\\nKomennon arvot olivat oikein\\n\"}}, \"ordinal_number\": 1}}}}}",
    "feedback": "",
    "evaluation_date": "2015-06-28T22:31:36.870"
  },
  "model": "courses.evaluation",
  "pk": 19
},
{
  "fields": {
    "points": 1,
    "evaluator": null,
    "correct": true,
    "test_results": "{\"reference\": {\"1\": {\"name\": \"Palautusharjoitus\", \"fail\": false, \"stages\": {\"1\": {\"name\": \"Ohjelman tarkistus:\", \"fail\": false, \"commands\": {\"1\": {\"timedout\": false, \"binary_stderr\": false, \"input_text\": \"\", \"significant_stdout\": true, \"retval\": 0, \"ordinal_number\": 1, \"runtime\": 0.06786990165710449, \"command_line\": \"python palautusharjoitus.py palautusharjoitus.sb2\", \"expected_retval\": null, \"binary_stdout\": false, \"stderr\": \"\", \"significant_stderr\": true, \"stdout\": \"Projektin palautus onnistui!\\nTutkitaan ohjelmaa...\\nProjektin palautus onnistui!\\nTutkitaan ohjelmaa...\\nTutkitaan l\\u00f6ytyyk\\u00f6 kissahahmoa...\\nL\\u00f6ytyi!\\nOikeat komennot l\\u00f6ytyiv\\u00e4t.\\nTutkitaan toista n kertaa -rakennetta...\\nTutkitaan toistorakenteen komentoja...\\nOikeat komennot l\\u00f6ytyiv\\u00e4t.\\nTarkistetaan, onko toistojen m\\u00e4\\u00e4r\\u00e4 oikein...\\nKomennon arvot olivat oikein\\n\"}}, \"ordinal_number\": 1}}}}, \"student\": {\"1\": {\"name\": \"Palautusharjoitus\", \"fail\": false, \"stages\": {\"1\": {\"name\": \"Ohjelman tarkistus:\", \"fail\": false, \"commands\": {\"1\": {\"timedout\": false, \"binary_stderr\": false, \"input_text\": \"\", \"significant_stdout\": true, \"retval\": 0, \"ordinal_number\": 1, \"runtime\": 0.03329801559448242, \"command_line\": \"python palautusharjoitus.py palautusharjoitus.sb2\", \"expected_retval\": null, \"binary_stdout\": false, \"stderr\": \"\", \"significant_stderr\": true, \"stdout\": \"Projektin palautus onnistui!\\nTutkitaan ohjelmaa...\\nProjektin palautus onnistui!\\nTutkitaan ohjelmaa...\\nTutkitaan l\\u00f6ytyyk\\u00f6 kissahahmoa...\\nL\\u00f6ytyi!\\nOikeat komennot l\\u00f6ytyiv\\u00e4t.\\nTutkitaan toista n kertaa -rakennetta...\\nTutkitaan toistorakenteen komentoja...\\nOikeat komennot l\\u00f6ytyiv\\u00e4t.\\nTarkistetaan, onko toistojen m\\u00e4\\u00e4r\\u00e4 oikein...\\nKomennon arvot olivat oikein\\n\"}}, \"ordinal_number\": 1}}}}}",
    "feedback": "",
    "evaluation_date": "2015-06-28T22:31:44.893"
  },
  "model": "courses.evaluation",
  "pk": 20
},
{
  "fields": {
    "points": 1,
    "evaluator": null,
    "correct": false,
    "test_results": "{\"reference\": {\"1\": {\"name\": \"Palautusharjoitus\", \"fail\": false, \"stages\": {\"1\": {\"name\": \"Ohjelman tarkistus:\", \"fail\": false, \"commands\": {\"1\": {\"timedout\": false, \"binary_stderr\": false, \"input_text\": \"\", \"significant_stdout\": true, \"retval\": 0, \"ordinal_number\": 1, \"runtime\": 0.06737303733825684, \"command_line\": \"python palautusharjoitus.py palautusharjoitus.sb2\", \"expected_retval\": null, \"binary_stdout\": false, \"stderr\": \"\", \"significant_stderr\": true, \"stdout\": \"Projektin palautus onnistui!\\nTutkitaan ohjelmaa...\\nProjektin palautus onnistui!\\nTutkitaan ohjelmaa...\\nTutkitaan l\\u00f6ytyyk\\u00f6 kissahahmoa...\\nL\\u00f6ytyi!\\nOikeat komennot l\\u00f6ytyiv\\u00e4t.\\nTutkitaan toista n kertaa -rakennetta...\\nTutkitaan toistorakenteen komentoja...\\nOikeat komennot l\\u00f6ytyiv\\u00e4t.\\nTarkistetaan, onko toistojen m\\u00e4\\u00e4r\\u00e4 oikein...\\nKomennon arvot olivat oikein\\n\"}}, \"ordinal_number\": 1}}}}, \"student\": {\"1\": {\"name\": \"Palautusharjoitus\", \"fail\": false, \"stages\": {\"1\": {\"name\": \"Ohjelman tarkistus:\", \"fail\": false, \"commands\": {\"1\": {\"timedout\": false, \"binary_stderr\": false, \"input_text\": \"\", \"significant_stdout\": true, \"retval\": 0, \"ordinal_number\": 1, \"runtime\": 0.03341531753540039, \"command_line\": \"python palautusharjoitus.py palautusharjoitus_Jsx652c_MVwKnLg.py\", \"expected_retval\": null, \"binary_stdout\": false, \"stderr\": \"\", \"significant_stderr\": true, \"stdout\": \"Tiedosto on v\\u00e4\\u00e4r\\u00e4\\u00e4 muotoa\\n\"}}, \"ordinal_number\": 1}}}}}",
    "feedback": "",
    "evaluation_date": "2015-06-28T22:32:21.654"
  },
  "model": "courses.evaluation",
  "pk": 21
},
{
  "fields": {
    "points": 1,
    "evaluator": null,
    "correct": true,
    "test_results": "{\"reference\": {\"1\": {\"name\": \"Palautusharjoitus\", \"fail\": false, \"stages\": {\"1\": {\"name\": \"Ohjelman tarkistus:\", \"fail\": false, \"commands\": {\"1\": {\"timedout\": false, \"binary_stderr\": false, \"input_text\": \"\", \"significant_stdout\": true, \"retval\": 0, \"ordinal_number\": 1, \"runtime\": 0.03341817855834961, \"command_line\": \"python palautusharjoitus.py palautusharjoitus.sb2\", \"expected_retval\": null, \"binary_stdout\": false, \"stderr\": \"\", \"significant_stderr\": true, \"stdout\": \"Projektin palautus onnistui!\\nTutkitaan ohjelmaa...\\nProjektin palautus onnistui!\\nTutkitaan ohjelmaa...\\nTutkitaan l\\u00f6ytyyk\\u00f6 kissahahmoa...\\nL\\u00f6ytyi!\\nOikeat komennot l\\u00f6ytyiv\\u00e4t.\\nTutkitaan toista n kertaa -rakennetta...\\nTutkitaan toistorakenteen komentoja...\\nOikeat komennot l\\u00f6ytyiv\\u00e4t.\\nTarkistetaan, onko toistojen m\\u00e4\\u00e4r\\u00e4 oikein...\\nKomennon arvot olivat oikein\\n\"}}, \"ordinal_number\": 1}}}}, \"student\": {\"1\": {\"name\": \"Palautusharjoitus\", \"fail\": false, \"stages\": {\"1\": {\"name\": \"Ohjelman tarkistus:\", \"fail\": false, \"commands\": {\"1\": {\"timedout\": false, \"binary_stderr\": false, \"input_text\": \"\", \"significant_stdout\": true, \"retval\": 0, \"ordinal_number\": 1, \"runtime\": 0.06651806831359863, \"command_line\": \"python palautusharjoitus.py palautusharjoitus.sb2\", \"expected_retval\": null, \"binary_stdout\": false, \"stderr\": \"\", \"significant_stderr\": true, \"stdout\": \"Projektin palautus onnistui!\\nTutkitaan ohjelmaa...\\nProjektin palautus onnistui!\\nTutkitaan ohjelmaa...\\nTutkitaan l\\u00f6ytyyk\\u00f6 kissahahmoa...\\nL\\u00f6ytyi!\\nOikeat komennot l\\u00f6ytyiv\\u00e4t.\\nTutkitaan toista n kertaa -rakennetta...\\nTutkitaan toistorakenteen komentoja...\\nOikeat komennot l\\u00f6ytyiv\\u00e4t.\\nTarkistetaan, onko toistojen m\\u00e4\\u00e4r\\u00e4 oikein...\\nKomennon arvot olivat oikein\\n\"}}, \"ordinal_number\": 1}}}}}",
    "feedback": "",
    "evaluation_date": "2015-06-28T22:32:26.691"
  },
  "model": "courses.evaluation",
  "pk": 22
},
{
  "fields": {
    "points": 0,
    "evaluator": null,
    "correct": false,
    "test_results": "",
    "feedback": "",
    "evaluation_date": "2015-06-28T22:36:02.150"
  },
  "model": "courses.evaluation",
  "pk": 23
},
{
  "fields": {
    "points": 0,
    "evaluator": null,
    "correct": false,
    "test_results": "",
    "feedback": "",
    "evaluation_date": "2015-06-28T22:36:06.125"
  },
  "model": "courses.evaluation",
  "pk": 24
},
{
  "fields": {
    "points": 1,
    "evaluator": null,
    "correct": true,
    "test_results": "",
    "feedback": "",
    "evaluation_date": "2015-06-28T22:36:14.161"
  },
  "model": "courses.evaluation",
  "pk": 25
},
{
  "fields": {
    "points": 0,
    "evaluator": null,
    "correct": false,
    "test_results": "",
    "feedback": "",
    "evaluation_date": "2015-07-02T20:05:07.114"
  },
  "model": "courses.evaluation",
  "pk": 26
},
{
  "fields": {
    "points": 0,
    "evaluator": null,
    "correct": false,
    "test_results": "",
    "feedback": "",
    "evaluation_date": "2015-07-02T20:05:14.992"
  },
  "model": "courses.evaluation",
  "pk": 27
},
{
  "fields": {
    "points": 1,
    "evaluator": null,
    "correct": true,
    "test_results": "{\"reference\": {\"2\": {\"name\": \"U(t) volttia p\\u00e4\\u00e4ohjelma\", \"stages\": {\"2\": {\"name\": \"P\\u00e4\\u00e4ohjelman tarkistus:\", \"ordinal_number\": 1, \"fail\": false, \"commands\": {\"2\": {\"stderr\": \"\", \"binary_stdout\": false, \"stdout\": \"Projektin palautus onnistui!\\nTutkitaan ohjelmaa...\\nTutkitaan l\\u00f6ytyyk\\u00f6 kissahahmoa...\\nL\\u00f6ytyi!\\nTutkitaan kissahahmon p\\u00e4\\u00e4ohjelmaa...\\nTarkistetaan l\\u00f6ytyyk\\u00f6 kaksi kutsua:\\nOikeat komennot l\\u00f6ytyiv\\u00e4t.\\nTarkistetaan, ett\\u00e4 kutsut kutsuvat hypi voltteja -aliohjelmaa.\\nTarkistetaan my\\u00f6s, kutsujen argumentit.\\nKutsu 1:\\nKomennon arvot olivat oikein!\\nKutsu 2:\\nKomennon arvot olivat oikein!\\n\", \"ordinal_number\": 1, \"timedout\": false, \"binary_stderr\": false, \"input_text\": \"\", \"significant_stdout\": false, \"significant_stderr\": false, \"command_line\": \"python ut_volttia1.py ut_volttia.sb2\", \"retval\": 0, \"expected_retval\": null, \"runtime\": 0.06769490242004395}}}}, \"fail\": false}, \"3\": {\"name\": \"U(t) volttia aliohjelma 1\", \"stages\": {\"3\": {\"name\": \"tee voltti -aliohjelman tarkistus:\", \"ordinal_number\": 1, \"fail\": false, \"commands\": {\"3\": {\"stderr\": \"python: can't open file 'ut_voltti2.py': [Errno 2] No such file or directory\\n\", \"binary_stdout\": false, \"stdout\": \"\", \"ordinal_number\": 1, \"timedout\": false, \"binary_stderr\": false, \"input_text\": \"\", \"significant_stdout\": false, \"significant_stderr\": false, \"command_line\": \"python ut_voltti2.py ut_volttia.sb2\", \"retval\": 2, \"expected_retval\": null, \"runtime\": 0.017981767654418945}}}}, \"fail\": false}, \"4\": {\"name\": \"U(t) volttia aliohjelma 2\", \"stages\": {\"4\": {\"name\": \"hypi voltteja -aliohjelman tarkistus:\", \"ordinal_number\": 1, \"fail\": false, \"commands\": {\"4\": {\"stderr\": \"\", \"binary_stdout\": false, \"stdout\": \"Projektin palautus onnistui!\\nTutkitaan ohjelmaa...\\nTutkitaan l\\u00f6ytyyk\\u00f6 kissahahmoa...\\nL\\u00f6ytyi!\\nTutkitaan kissahahmon hypi voltteja -aliohjelmaa...\\nTarkistetaan, onko aliohjelman nimi 'hypi voltteja'.\\nTarkistetaan my\\u00f6s, ovatko parametrit nimelt\\u00e4\\u00e4n 'm\\u00e4\\u00e4r\\u00e4', 'matka' ja 'asteet' ja numerotyyppi\\u00e4:\\nKomennon arvot olivat oikein!\\nTarkistetaan l\\u00f6ytyyk\\u00f6 toista n kertaa -silmukka:\\nOikeat komennot l\\u00f6ytyiv\\u00e4t.\\nTarkistetaan, toistetaanko silmukkaa m\\u00e4\\u00e4r\\u00e4-parametrin pohjalta:\\nKomennon arvot olivat oikein!\\nTarkistetaan silmukan sis\\u00e4lt\\u00e4m\\u00e4t komennot:\\nOikeat komennot l\\u00f6ytyiv\\u00e4t.\\nTarkistetaan, liikkuuko kissa matka-parametrin pohjalta:\\nKomennon arvot olivat oikein!\\nTarkistetaan, ett\\u00e4 kutsu kutsuu tee voltti -aliohjelmaa.\\nTarkistetaan my\\u00f6s, ett\\u00e4 kutsu k\\u00e4ytt\\u00e4\\u00e4 argumenttina asteet-parametria:\\nKomennon arvot olivat oikein!\\n\", \"ordinal_number\": 1, \"timedout\": false, \"binary_stderr\": false, \"input_text\": \"\", \"significant_stdout\": false, \"significant_stderr\": false, \"command_line\": \"python ut_volttia3.py ut_volttia.sb2\", \"retval\": 0, \"expected_retval\": null, \"runtime\": 0.03604316711425781}}}}, \"fail\": false}}, \"student\": {\"2\": {\"name\": \"U(t) volttia p\\u00e4\\u00e4ohjelma\", \"stages\": {\"2\": {\"name\": \"P\\u00e4\\u00e4ohjelman tarkistus:\", \"ordinal_number\": 1, \"fail\": false, \"commands\": {\"2\": {\"stderr\": \"\", \"binary_stdout\": false, \"stdout\": \"Projektin palautus onnistui!\\nTutkitaan ohjelmaa...\\nTutkitaan l\\u00f6ytyyk\\u00f6 kissahahmoa...\\nL\\u00f6ytyi!\\nTutkitaan kissahahmon p\\u00e4\\u00e4ohjelmaa...\\nTarkistetaan l\\u00f6ytyyk\\u00f6 kaksi kutsua:\\nOikeat komennot l\\u00f6ytyiv\\u00e4t.\\nTarkistetaan, ett\\u00e4 kutsut kutsuvat hypi voltteja -aliohjelmaa.\\nTarkistetaan my\\u00f6s, kutsujen argumentit.\\nKutsu 1:\\nKomennon arvot olivat oikein!\\nKutsu 2:\\nKomennon arvot olivat oikein!\\n\", \"ordinal_number\": 1, \"timedout\": false, \"binary_stderr\": false, \"input_text\": \"\", \"significant_stdout\": false, \"significant_stderr\": false, \"command_line\": \"python ut_volttia1.py t46.sb2\", \"retval\": 0, \"expected_retval\": null, \"runtime\": 0.03437685966491699}}}}, \"fail\": false}, \"3\": {\"name\": \"U(t) volttia aliohjelma 1\", \"stages\": {\"3\": {\"name\": \"tee voltti -aliohjelman tarkistus:\", \"ordinal_number\": 1, \"fail\": false, \"commands\": {\"3\": {\"stderr\": \"python: can't open file 'ut_voltti2.py': [Errno 2] No such file or directory\\n\", \"binary_stdout\": false, \"stdout\": \"\", \"ordinal_number\": 1, \"timedout\": false, \"binary_stderr\": false, \"input_text\": \"\", \"significant_stdout\": false, \"significant_stderr\": false, \"command_line\": \"python ut_voltti2.py t46.sb2\", \"retval\": 2, \"expected_retval\": null, \"runtime\": 0.017275333404541016}}}}, \"fail\": false}, \"4\": {\"name\": \"U(t) volttia aliohjelma 2\", \"stages\": {\"4\": {\"name\": \"hypi voltteja -aliohjelman tarkistus:\", \"ordinal_number\": 1, \"fail\": false, \"commands\": {\"4\": {\"stderr\": \"\", \"binary_stdout\": false, \"stdout\": \"Projektin palautus onnistui!\\nTutkitaan ohjelmaa...\\nTutkitaan l\\u00f6ytyyk\\u00f6 kissahahmoa...\\nL\\u00f6ytyi!\\nTutkitaan kissahahmon hypi voltteja -aliohjelmaa...\\nTarkistetaan, onko aliohjelman nimi 'hypi voltteja'.\\nTarkistetaan my\\u00f6s, ovatko parametrit nimelt\\u00e4\\u00e4n 'm\\u00e4\\u00e4r\\u00e4', 'matka' ja 'asteet' ja numerotyyppi\\u00e4:\\nKomennon arvot olivat oikein!\\nTarkistetaan l\\u00f6ytyyk\\u00f6 toista n kertaa -silmukka:\\nOikeat komennot l\\u00f6ytyiv\\u00e4t.\\nTarkistetaan, toistetaanko silmukkaa m\\u00e4\\u00e4r\\u00e4-parametrin pohjalta:\\nKomennon arvot olivat oikein!\\nTarkistetaan silmukan sis\\u00e4lt\\u00e4m\\u00e4t komennot:\\nOikeat komennot l\\u00f6ytyiv\\u00e4t.\\nTarkistetaan, liikkuuko kissa matka-parametrin pohjalta:\\nKomennon arvot olivat oikein!\\nTarkistetaan, ett\\u00e4 kutsu kutsuu tee voltti -aliohjelmaa.\\nTarkistetaan my\\u00f6s, ett\\u00e4 kutsu k\\u00e4ytt\\u00e4\\u00e4 argumenttina asteet-parametria:\\nKomennon arvot olivat oikein!\\n\", \"ordinal_number\": 1, \"timedout\": false, \"binary_stderr\": false, \"input_text\": \"\", \"significant_stdout\": false, \"significant_stderr\": false, \"command_line\": \"python ut_volttia3.py t46.sb2\", \"retval\": 0, \"expected_retval\": null, \"runtime\": 0.034188032150268555}}}}, \"fail\": false}}}",
    "feedback": "",
    "evaluation_date": "2015-07-04T14:11:28.532"
  },
  "model": "courses.evaluation",
  "pk": 28
},
{
  "fields": {
    "points": 1,
    "evaluator": null,
    "correct": true,
    "test_results": "{\"reference\": {\"2\": {\"name\": \"U(t) volttia p\\u00e4\\u00e4ohjelma\", \"stages\": {\"2\": {\"name\": \"P\\u00e4\\u00e4ohjelman tarkistus:\", \"ordinal_number\": 1, \"fail\": false, \"commands\": {\"2\": {\"stderr\": \"\", \"binary_stdout\": false, \"stdout\": \"Projektin palautus onnistui!\\nTutkitaan ohjelmaa...\\nTutkitaan l\\u00f6ytyyk\\u00f6 kissahahmoa...\\nL\\u00f6ytyi!\\nTutkitaan kissahahmon p\\u00e4\\u00e4ohjelmaa...\\nTarkistetaan l\\u00f6ytyyk\\u00f6 kaksi kutsua:\\nOikeat komennot l\\u00f6ytyiv\\u00e4t.\\nTarkistetaan, ett\\u00e4 kutsut kutsuvat hypi voltteja -aliohjelmaa.\\nTarkistetaan my\\u00f6s, kutsujen argumentit.\\nKutsu 1:\\nKomennon arvot olivat oikein!\\nKutsu 2:\\nKomennon arvot olivat oikein!\\n\", \"ordinal_number\": 1, \"timedout\": false, \"binary_stderr\": false, \"input_text\": \"\", \"significant_stdout\": false, \"significant_stderr\": false, \"command_line\": \"python ut_volttia1.py ut_volttia.sb2\", \"retval\": 0, \"expected_retval\": null, \"runtime\": 0.03501725196838379}}}}, \"fail\": false}, \"3\": {\"name\": \"U(t) volttia aliohjelma 1\", \"stages\": {\"3\": {\"name\": \"tee voltti -aliohjelman tarkistus:\", \"ordinal_number\": 1, \"fail\": false, \"commands\": {\"3\": {\"stderr\": \"python: can't open file 'ut_voltti2.py': [Errno 2] No such file or directory\\n\", \"binary_stdout\": false, \"stdout\": \"\", \"ordinal_number\": 1, \"timedout\": false, \"binary_stderr\": false, \"input_text\": \"\", \"significant_stdout\": false, \"significant_stderr\": false, \"command_line\": \"python ut_voltti2.py ut_volttia.sb2\", \"retval\": 2, \"expected_retval\": null, \"runtime\": 0.01874518394470215}}}}, \"fail\": false}, \"4\": {\"name\": \"U(t) volttia aliohjelma 2\", \"stages\": {\"4\": {\"name\": \"hypi voltteja -aliohjelman tarkistus:\", \"ordinal_number\": 1, \"fail\": false, \"commands\": {\"4\": {\"stderr\": \"\", \"binary_stdout\": false, \"stdout\": \"Projektin palautus onnistui!\\nTutkitaan ohjelmaa...\\nTutkitaan l\\u00f6ytyyk\\u00f6 kissahahmoa...\\nL\\u00f6ytyi!\\nTutkitaan kissahahmon hypi voltteja -aliohjelmaa...\\nTarkistetaan, onko aliohjelman nimi 'hypi voltteja'.\\nTarkistetaan my\\u00f6s, ovatko parametrit nimelt\\u00e4\\u00e4n 'm\\u00e4\\u00e4r\\u00e4', 'matka' ja 'asteet' ja numerotyyppi\\u00e4:\\nKomennon arvot olivat oikein!\\nTarkistetaan l\\u00f6ytyyk\\u00f6 toista n kertaa -silmukka:\\nOikeat komennot l\\u00f6ytyiv\\u00e4t.\\nTarkistetaan, toistetaanko silmukkaa m\\u00e4\\u00e4r\\u00e4-parametrin pohjalta:\\nKomennon arvot olivat oikein!\\nTarkistetaan silmukan sis\\u00e4lt\\u00e4m\\u00e4t komennot:\\nOikeat komennot l\\u00f6ytyiv\\u00e4t.\\nTarkistetaan, liikkuuko kissa matka-parametrin pohjalta:\\nKomennon arvot olivat oikein!\\nTarkistetaan, ett\\u00e4 kutsu kutsuu tee voltti -aliohjelmaa.\\nTarkistetaan my\\u00f6s, ett\\u00e4 kutsu k\\u00e4ytt\\u00e4\\u00e4 argumenttina asteet-parametria:\\nKomennon arvot olivat oikein!\\n\", \"ordinal_number\": 1, \"timedout\": false, \"binary_stderr\": false, \"input_text\": \"\", \"significant_stdout\": false, \"significant_stderr\": false, \"command_line\": \"python ut_volttia3.py ut_volttia.sb2\", \"retval\": 0, \"expected_retval\": null, \"runtime\": 0.0668952465057373}}}}, \"fail\": false}}, \"student\": {\"2\": {\"name\": \"U(t) volttia p\\u00e4\\u00e4ohjelma\", \"stages\": {\"2\": {\"name\": \"P\\u00e4\\u00e4ohjelman tarkistus:\", \"ordinal_number\": 1, \"fail\": false, \"commands\": {\"2\": {\"stderr\": \"\", \"binary_stdout\": false, \"stdout\": \"Projektin palautus onnistui!\\nTutkitaan ohjelmaa...\\nTutkitaan l\\u00f6ytyyk\\u00f6 kissahahmoa...\\nL\\u00f6ytyi!\\nTutkitaan kissahahmon p\\u00e4\\u00e4ohjelmaa...\\nTarkistetaan l\\u00f6ytyyk\\u00f6 kaksi kutsua:\\nOikeat komennot l\\u00f6ytyiv\\u00e4t.\\nTarkistetaan, ett\\u00e4 kutsut kutsuvat hypi voltteja -aliohjelmaa.\\nTarkistetaan my\\u00f6s, kutsujen argumentit.\\nKutsu 1:\\nKomennon arvot olivat oikein!\\nKutsu 2:\\nKomennon arvot olivat oikein!\\n\", \"ordinal_number\": 1, \"timedout\": false, \"binary_stderr\": false, \"input_text\": \"\", \"significant_stdout\": false, \"significant_stderr\": false, \"command_line\": \"python ut_volttia1.py t46.sb2\", \"retval\": 0, \"expected_retval\": null, \"runtime\": 0.06702709197998047}}}}, \"fail\": false}, \"3\": {\"name\": \"U(t) volttia aliohjelma 1\", \"stages\": {\"3\": {\"name\": \"tee voltti -aliohjelman tarkistus:\", \"ordinal_number\": 1, \"fail\": false, \"commands\": {\"3\": {\"stderr\": \"python: can't open file 'ut_voltti2.py': [Errno 2] No such file or directory\\n\", \"binary_stdout\": false, \"stdout\": \"\", \"ordinal_number\": 1, \"timedout\": false, \"binary_stderr\": false, \"input_text\": \"\", \"significant_stdout\": false, \"significant_stderr\": false, \"command_line\": \"python ut_voltti2.py t46.sb2\", \"retval\": 2, \"expected_retval\": null, \"runtime\": 0.03634810447692871}}}}, \"fail\": false}, \"4\": {\"name\": \"U(t) volttia aliohjelma 2\", \"stages\": {\"4\": {\"name\": \"hypi voltteja -aliohjelman tarkistus:\", \"ordinal_number\": 1, \"fail\": false, \"commands\": {\"4\": {\"stderr\": \"\", \"binary_stdout\": false, \"stdout\": \"Projektin palautus onnistui!\\nTutkitaan ohjelmaa...\\nTutkitaan l\\u00f6ytyyk\\u00f6 kissahahmoa...\\nL\\u00f6ytyi!\\nTutkitaan kissahahmon hypi voltteja -aliohjelmaa...\\nTarkistetaan, onko aliohjelman nimi 'hypi voltteja'.\\nTarkistetaan my\\u00f6s, ovatko parametrit nimelt\\u00e4\\u00e4n 'm\\u00e4\\u00e4r\\u00e4', 'matka' ja 'asteet' ja numerotyyppi\\u00e4:\\nKomennon arvot olivat oikein!\\nTarkistetaan l\\u00f6ytyyk\\u00f6 toista n kertaa -silmukka:\\nOikeat komennot l\\u00f6ytyiv\\u00e4t.\\nTarkistetaan, toistetaanko silmukkaa m\\u00e4\\u00e4r\\u00e4-parametrin pohjalta:\\nKomennon arvot olivat oikein!\\nTarkistetaan silmukan sis\\u00e4lt\\u00e4m\\u00e4t komennot:\\nOikeat komennot l\\u00f6ytyiv\\u00e4t.\\nTarkistetaan, liikkuuko kissa matka-parametrin pohjalta:\\nKomennon arvot olivat oikein!\\nTarkistetaan, ett\\u00e4 kutsu kutsuu tee voltti -aliohjelmaa.\\nTarkistetaan my\\u00f6s, ett\\u00e4 kutsu k\\u00e4ytt\\u00e4\\u00e4 argumenttina asteet-parametria:\\nKomennon arvot olivat oikein!\\n\", \"ordinal_number\": 1, \"timedout\": false, \"binary_stderr\": false, \"input_text\": \"\", \"significant_stdout\": false, \"significant_stderr\": false, \"command_line\": \"python ut_volttia3.py t46.sb2\", \"retval\": 0, \"expected_retval\": null, \"runtime\": 0.033484697341918945}}}}, \"fail\": false}}}",
    "feedback": "",
    "evaluation_date": "2015-07-04T14:11:30.177"
  },
  "model": "courses.evaluation",
  "pk": 29
},
{
  "fields": {
    "points": 1,
    "evaluator": null,
    "correct": true,
    "test_results": "{\"reference\": {\"2\": {\"name\": \"U(t) volttia p\\u00e4\\u00e4ohjelma\", \"stages\": {\"2\": {\"name\": \"P\\u00e4\\u00e4ohjelman tarkistus:\", \"ordinal_number\": 1, \"fail\": false, \"commands\": {\"2\": {\"stderr\": \"\", \"binary_stdout\": false, \"stdout\": \"Projektin palautus onnistui!\\nTutkitaan ohjelmaa...\\nTutkitaan l\\u00f6ytyyk\\u00f6 kissahahmoa...\\nL\\u00f6ytyi!\\nTutkitaan kissahahmon p\\u00e4\\u00e4ohjelmaa...\\nTarkistetaan l\\u00f6ytyyk\\u00f6 kaksi kutsua:\\nOikeat komennot l\\u00f6ytyiv\\u00e4t.\\nTarkistetaan, ett\\u00e4 kutsut kutsuvat hypi voltteja -aliohjelmaa.\\nTarkistetaan my\\u00f6s, kutsujen argumentit.\\nKutsu 1:\\nKomennon arvot olivat oikein!\\nKutsu 2:\\nKomennon arvot olivat oikein!\\n\", \"ordinal_number\": 1, \"timedout\": false, \"binary_stderr\": false, \"input_text\": \"\", \"significant_stdout\": false, \"significant_stderr\": false, \"command_line\": \"python ut_volttia1.py ut_volttia.sb2\", \"retval\": 0, \"expected_retval\": null, \"runtime\": 0.06744241714477539}}}}, \"fail\": false}, \"3\": {\"name\": \"U(t) volttia aliohjelma 1\", \"stages\": {\"3\": {\"name\": \"tee voltti -aliohjelman tarkistus:\", \"ordinal_number\": 1, \"fail\": false, \"commands\": {\"3\": {\"stderr\": \"\", \"binary_stdout\": false, \"stdout\": \"Projektin palautus onnistui!\\nTutkitaan ohjelmaa...\\nTutkitaan l\\u00f6ytyyk\\u00f6 kissahahmoa...\\nL\\u00f6ytyi!\\nTutkitaan kissahahmon tee voltti -aliohjelmaa...\\nTarkistetaan, onko aliohjelman nimi 'tee voltti'.\\nTarkistetaan my\\u00f6s, onko my\\u00f6s ainoa parametri 'asteet' ja numerotyyppi\\u00e4:\\nKomennon arvot olivat oikein!\\nTarkistetaan l\\u00f6ytyv\\u00e4tk\\u00f6 silmukka ja viimeinen k\\u00e4\\u00e4ntyminen\\nOikeat komennot l\\u00f6ytyiv\\u00e4t.\\nTarkistetaan toista n kertaa -silmukan toistot:\\nKomennon arvot olivat oikein!\\nTarkistetaan silmukan sis\\u00e4lt\\u00e4m\\u00e4t komennot:\\nOikeat komennot l\\u00f6ytyiv\\u00e4t.\\nTarkistetaan k\\u00e4\\u00e4nnyt\\u00e4\\u00e4nk\\u00f6 asteet-parametrin mukaan:\\nKomennon arvot olivat oikein!\\n\", \"ordinal_number\": 1, \"timedout\": false, \"binary_stderr\": false, \"input_text\": \"\", \"significant_stdout\": false, \"significant_stderr\": false, \"command_line\": \"python ut_volttia2.py ut_volttia.sb2\", \"retval\": 0, \"expected_retval\": null, \"runtime\": 0.03352832794189453}}}}, \"fail\": false}, \"4\": {\"name\": \"U(t) volttia aliohjelma 2\", \"stages\": {\"4\": {\"name\": \"hypi voltteja -aliohjelman tarkistus:\", \"ordinal_number\": 1, \"fail\": false, \"commands\": {\"4\": {\"stderr\": \"\", \"binary_stdout\": false, \"stdout\": \"Projektin palautus onnistui!\\nTutkitaan ohjelmaa...\\nTutkitaan l\\u00f6ytyyk\\u00f6 kissahahmoa...\\nL\\u00f6ytyi!\\nTutkitaan kissahahmon hypi voltteja -aliohjelmaa...\\nTarkistetaan, onko aliohjelman nimi 'hypi voltteja'.\\nTarkistetaan my\\u00f6s, ovatko parametrit nimelt\\u00e4\\u00e4n 'm\\u00e4\\u00e4r\\u00e4', 'matka' ja 'asteet' ja numerotyyppi\\u00e4:\\nKomennon arvot olivat oikein!\\nTarkistetaan l\\u00f6ytyyk\\u00f6 toista n kertaa -silmukka:\\nOikeat komennot l\\u00f6ytyiv\\u00e4t.\\nTarkistetaan, toistetaanko silmukkaa m\\u00e4\\u00e4r\\u00e4-parametrin pohjalta:\\nKomennon arvot olivat oikein!\\nTarkistetaan silmukan sis\\u00e4lt\\u00e4m\\u00e4t komennot:\\nOikeat komennot l\\u00f6ytyiv\\u00e4t.\\nTarkistetaan, liikkuuko kissa matka-parametrin pohjalta:\\nKomennon arvot olivat oikein!\\nTarkistetaan, ett\\u00e4 kutsu kutsuu tee voltti -aliohjelmaa.\\nTarkistetaan my\\u00f6s, ett\\u00e4 kutsu k\\u00e4ytt\\u00e4\\u00e4 argumenttina asteet-parametria:\\nKomennon arvot olivat oikein!\\n\", \"ordinal_number\": 1, \"timedout\": false, \"binary_stderr\": false, \"input_text\": \"\", \"significant_stdout\": false, \"significant_stderr\": false, \"command_line\": \"python ut_volttia3.py ut_volttia.sb2\", \"retval\": 0, \"expected_retval\": null, \"runtime\": 0.034079551696777344}}}}, \"fail\": false}}, \"student\": {\"2\": {\"name\": \"U(t) volttia p\\u00e4\\u00e4ohjelma\", \"stages\": {\"2\": {\"name\": \"P\\u00e4\\u00e4ohjelman tarkistus:\", \"ordinal_number\": 1, \"fail\": false, \"commands\": {\"2\": {\"stderr\": \"\", \"binary_stdout\": false, \"stdout\": \"Projektin palautus onnistui!\\nTutkitaan ohjelmaa...\\nTutkitaan l\\u00f6ytyyk\\u00f6 kissahahmoa...\\nL\\u00f6ytyi!\\nTutkitaan kissahahmon p\\u00e4\\u00e4ohjelmaa...\\nTarkistetaan l\\u00f6ytyyk\\u00f6 kaksi kutsua:\\nOikeat komennot l\\u00f6ytyiv\\u00e4t.\\nTarkistetaan, ett\\u00e4 kutsut kutsuvat hypi voltteja -aliohjelmaa.\\nTarkistetaan my\\u00f6s, kutsujen argumentit.\\nKutsu 1:\\nKomennon arvot olivat oikein!\\nKutsu 2:\\nKomennon arvot olivat oikein!\\n\", \"ordinal_number\": 1, \"timedout\": false, \"binary_stderr\": false, \"input_text\": \"\", \"significant_stdout\": false, \"significant_stderr\": false, \"command_line\": \"python ut_volttia1.py t46.sb2\", \"retval\": 0, \"expected_retval\": null, \"runtime\": 0.06839489936828613}}}}, \"fail\": false}, \"3\": {\"name\": \"U(t) volttia aliohjelma 1\", \"stages\": {\"3\": {\"name\": \"tee voltti -aliohjelman tarkistus:\", \"ordinal_number\": 1, \"fail\": false, \"commands\": {\"3\": {\"stderr\": \"\", \"binary_stdout\": false, \"stdout\": \"Projektin palautus onnistui!\\nTutkitaan ohjelmaa...\\nTutkitaan l\\u00f6ytyyk\\u00f6 kissahahmoa...\\nL\\u00f6ytyi!\\nTutkitaan kissahahmon tee voltti -aliohjelmaa...\\nTarkistetaan, onko aliohjelman nimi 'tee voltti'.\\nTarkistetaan my\\u00f6s, onko my\\u00f6s ainoa parametri 'asteet' ja numerotyyppi\\u00e4:\\nKomennon arvot olivat oikein!\\nTarkistetaan l\\u00f6ytyv\\u00e4tk\\u00f6 silmukka ja viimeinen k\\u00e4\\u00e4ntyminen\\nOikeat komennot l\\u00f6ytyiv\\u00e4t.\\nTarkistetaan toista n kertaa -silmukan toistot:\\nKomennon arvot olivat oikein!\\nTarkistetaan silmukan sis\\u00e4lt\\u00e4m\\u00e4t komennot:\\nOikeat komennot l\\u00f6ytyiv\\u00e4t.\\nTarkistetaan k\\u00e4\\u00e4nnyt\\u00e4\\u00e4nk\\u00f6 asteet-parametrin mukaan:\\nKomennon arvot olivat oikein!\\n\", \"ordinal_number\": 1, \"timedout\": false, \"binary_stderr\": false, \"input_text\": \"\", \"significant_stdout\": false, \"significant_stderr\": false, \"command_line\": \"python ut_volttia2.py t46.sb2\", \"retval\": 0, \"expected_retval\": null, \"runtime\": 0.06708812713623047}}}}, \"fail\": false}, \"4\": {\"name\": \"U(t) volttia aliohjelma 2\", \"stages\": {\"4\": {\"name\": \"hypi voltteja -aliohjelman tarkistus:\", \"ordinal_number\": 1, \"fail\": false, \"commands\": {\"4\": {\"stderr\": \"\", \"binary_stdout\": false, \"stdout\": \"Projektin palautus onnistui!\\nTutkitaan ohjelmaa...\\nTutkitaan l\\u00f6ytyyk\\u00f6 kissahahmoa...\\nL\\u00f6ytyi!\\nTutkitaan kissahahmon hypi voltteja -aliohjelmaa...\\nTarkistetaan, onko aliohjelman nimi 'hypi voltteja'.\\nTarkistetaan my\\u00f6s, ovatko parametrit nimelt\\u00e4\\u00e4n 'm\\u00e4\\u00e4r\\u00e4', 'matka' ja 'asteet' ja numerotyyppi\\u00e4:\\nKomennon arvot olivat oikein!\\nTarkistetaan l\\u00f6ytyyk\\u00f6 toista n kertaa -silmukka:\\nOikeat komennot l\\u00f6ytyiv\\u00e4t.\\nTarkistetaan, toistetaanko silmukkaa m\\u00e4\\u00e4r\\u00e4-parametrin pohjalta:\\nKomennon arvot olivat oikein!\\nTarkistetaan silmukan sis\\u00e4lt\\u00e4m\\u00e4t komennot:\\nOikeat komennot l\\u00f6ytyiv\\u00e4t.\\nTarkistetaan, liikkuuko kissa matka-parametrin pohjalta:\\nKomennon arvot olivat oikein!\\nTarkistetaan, ett\\u00e4 kutsu kutsuu tee voltti -aliohjelmaa.\\nTarkistetaan my\\u00f6s, ett\\u00e4 kutsu k\\u00e4ytt\\u00e4\\u00e4 argumenttina asteet-parametria:\\nKomennon arvot olivat oikein!\\n\", \"ordinal_number\": 1, \"timedout\": false, \"binary_stderr\": false, \"input_text\": \"\", \"significant_stdout\": false, \"significant_stderr\": false, \"command_line\": \"python ut_volttia3.py t46.sb2\", \"retval\": 0, \"expected_retval\": null, \"runtime\": 0.06734681129455566}}}}, \"fail\": false}}}",
    "feedback": "",
    "evaluation_date": "2015-07-04T14:12:30.275"
  },
  "model": "courses.evaluation",
  "pk": 30
},
{
  "fields": {
    "points": 0,
    "evaluator": null,
    "correct": false,
    "test_results": "",
    "feedback": "",
    "evaluation_date": "2015-07-26T16:09:35.121"
  },
  "model": "courses.evaluation",
  "pk": 31
},
{
  "fields": {
    "points": 0,
    "evaluator": null,
    "correct": false,
    "test_results": "",
    "feedback": "",
    "evaluation_date": "2015-07-26T16:09:40.919"
  },
  "model": "courses.evaluation",
  "pk": 32
},
{
  "fields": {
    "points": 1,
    "evaluator": null,
    "correct": true,
    "test_results": "",
    "feedback": "",
    "evaluation_date": "2015-07-26T16:09:51.547"
  },
  "model": "courses.evaluation",
  "pk": 33
},
{
  "fields": {
    "points": 1,
    "evaluator": null,
    "correct": true,
    "test_results": "",
    "feedback": "",
    "evaluation_date": "2015-07-26T16:09:53.567"
  },
  "model": "courses.evaluation",
  "pk": 34
},
{
  "fields": {
    "points": 1,
    "evaluator": null,
    "correct": true,
    "test_results": "",
    "feedback": "",
    "evaluation_date": "2015-07-26T16:09:58.091"
  },
  "model": "courses.evaluation",
  "pk": 35
},
{
  "fields": {
    "points": 0,
    "evaluator": null,
    "correct": false,
    "test_results": "",
    "feedback": "",
    "evaluation_date": "2015-07-26T17:32:35.058"
  },
  "model": "courses.evaluation",
  "pk": 36
},
{
  "fields": {
    "points": 1,
    "evaluator": null,
    "correct": true,
    "test_results": "",
    "feedback": "",
    "evaluation_date": "2015-07-26T17:32:43.902"
  },
  "model": "courses.evaluation",
  "pk": 37
},
{
  "fields": {
    "collaborators": null,
    "evaluation": 1,
    "user": [
      "hihhuli"
    ],
    "answerer_ip": "127.0.0.1",
    "draft": false,
    "checked": false,
    "answer_date": "2015-06-28T17:55:50.816"
  },
  "model": "courses.useranswer",
  "pk": 1
},
{
  "fields": {
    "collaborators": null,
    "evaluation": 2,
    "user": [
      "hihhuli"
    ],
    "answerer_ip": "127.0.0.1",
    "draft": false,
    "checked": false,
    "answer_date": "2015-06-28T17:59:12.860"
  },
  "model": "courses.useranswer",
  "pk": 2
},
{
  "fields": {
    "collaborators": null,
    "evaluation": 3,
    "user": [
      "hihhuli"
    ],
    "answerer_ip": "127.0.0.1",
    "draft": false,
    "checked": false,
    "answer_date": "2015-06-28T19:32:57.728"
  },
  "model": "courses.useranswer",
  "pk": 3
},
{
  "fields": {
    "collaborators": null,
    "evaluation": 4,
    "user": [
      "hihhuli"
    ],
    "answerer_ip": "127.0.0.1",
    "draft": false,
    "checked": false,
    "answer_date": "2015-06-28T19:33:02.103"
  },
  "model": "courses.useranswer",
  "pk": 4
},
{
  "fields": {
    "collaborators": null,
    "evaluation": 5,
    "user": [
      "hihhuli"
    ],
    "answerer_ip": "127.0.0.1",
    "draft": false,
    "checked": false,
    "answer_date": "2015-06-28T19:33:06.577"
  },
  "model": "courses.useranswer",
  "pk": 5
},
{
  "fields": {
    "collaborators": null,
    "evaluation": 6,
    "user": [
      "hihhuli"
    ],
    "answerer_ip": "127.0.0.1",
    "draft": false,
    "checked": false,
    "answer_date": "2015-06-28T19:33:11.696"
  },
  "model": "courses.useranswer",
  "pk": 6
},
{
  "fields": {
    "collaborators": null,
    "evaluation": 7,
    "user": [
      "hihhuli"
    ],
    "answerer_ip": "127.0.0.1",
    "draft": false,
    "checked": false,
    "answer_date": "2015-06-28T19:33:17.717"
  },
  "model": "courses.useranswer",
  "pk": 7
},
{
  "fields": {
    "collaborators": null,
    "evaluation": 8,
    "user": [
      "hihhuli"
    ],
    "answerer_ip": "127.0.0.1",
    "draft": false,
    "checked": false,
    "answer_date": "2015-06-28T19:33:26.149"
  },
  "model": "courses.useranswer",
  "pk": 8
},
{
  "fields": {
    "collaborators": null,
    "evaluation": 9,
    "user": [
      "hihhuli"
    ],
    "answerer_ip": "127.0.0.1",
    "draft": false,
    "checked": false,
    "answer_date": "2015-06-28T19:33:28.713"
  },
  "model": "courses.useranswer",
  "pk": 9
},
{
  "fields": {
    "collaborators": null,
    "evaluation": 10,
    "user": [
      "hihhuli"
    ],
    "answerer_ip": "127.0.0.1",
    "draft": false,
    "checked": false,
    "answer_date": "2015-06-28T19:33:38.034"
  },
  "model": "courses.useranswer",
  "pk": 10
},
{
  "fields": {
    "collaborators": null,
    "evaluation": 11,
    "user": [
      "hihhuli"
    ],
    "answerer_ip": "127.0.0.1",
    "draft": false,
    "checked": false,
    "answer_date": "2015-06-28T19:33:40.904"
  },
  "model": "courses.useranswer",
  "pk": 11
},
{
  "fields": {
    "collaborators": null,
    "evaluation": 12,
    "user": [
      "hihhuli"
    ],
    "answerer_ip": "127.0.0.1",
    "draft": false,
    "checked": false,
    "answer_date": "2015-06-28T19:39:30.817"
  },
  "model": "courses.useranswer",
  "pk": 12
},
{
  "fields": {
    "collaborators": null,
    "evaluation": 13,
    "user": [
      "hihhuli"
    ],
    "answerer_ip": "127.0.0.1",
    "draft": false,
    "checked": false,
    "answer_date": "2015-06-28T19:39:33.620"
  },
  "model": "courses.useranswer",
  "pk": 13
},
{
  "fields": {
    "collaborators": null,
    "evaluation": 14,
    "user": [
      "hihhuli"
    ],
    "answerer_ip": "127.0.0.1",
    "draft": false,
    "checked": false,
    "answer_date": "2015-06-28T19:39:38.925"
  },
  "model": "courses.useranswer",
  "pk": 14
},
{
  "fields": {
    "collaborators": null,
    "evaluation": 15,
    "user": [
      "hihhuli"
    ],
    "answerer_ip": "127.0.0.1",
    "draft": false,
    "checked": false,
    "answer_date": "2015-06-28T19:39:41.672"
  },
  "model": "courses.useranswer",
  "pk": 15
},
{
  "fields": {
    "collaborators": null,
    "evaluation": null,
    "user": [
      "hihhuli"
    ],
    "answerer_ip": "127.0.0.1",
    "draft": false,
    "checked": false,
    "answer_date": "2015-06-28T19:39:48.106"
  },
  "model": "courses.useranswer",
  "pk": 16
},
{
  "fields": {
    "collaborators": null,
    "evaluation": null,
    "user": [
      "hihhuli"
    ],
    "answerer_ip": "127.0.0.1",
    "draft": false,
    "checked": false,
    "answer_date": "2015-06-28T19:40:34.571"
  },
  "model": "courses.useranswer",
  "pk": 17
},
{
  "fields": {
    "collaborators": null,
    "evaluation": null,
    "user": [
      "hihhuli"
    ],
    "answerer_ip": "127.0.0.1",
    "draft": false,
    "checked": false,
    "answer_date": "2015-06-28T19:41:13.333"
  },
  "model": "courses.useranswer",
  "pk": 18
},
{
  "fields": {
    "collaborators": null,
    "evaluation": null,
    "user": [
      "hihhuli"
    ],
    "answerer_ip": "127.0.0.1",
    "draft": false,
    "checked": false,
    "answer_date": "2015-06-28T19:42:06.905"
  },
  "model": "courses.useranswer",
  "pk": 19
},
{
  "fields": {
    "collaborators": null,
    "evaluation": null,
    "user": [
      "hihhuli"
    ],
    "answerer_ip": "127.0.0.1",
    "draft": false,
    "checked": false,
    "answer_date": "2015-06-28T19:42:20.667"
  },
  "model": "courses.useranswer",
  "pk": 20
},
{
  "fields": {
    "collaborators": null,
    "evaluation": null,
    "user": [
      "hihhuli"
    ],
    "answerer_ip": "127.0.0.1",
    "draft": false,
    "checked": false,
    "answer_date": "2015-06-28T19:42:43.132"
  },
  "model": "courses.useranswer",
  "pk": 21
},
{
  "fields": {
    "collaborators": null,
    "evaluation": 16,
    "user": [
      "hihhuli"
    ],
    "answerer_ip": "127.0.0.1",
    "draft": false,
    "checked": false,
    "answer_date": "2015-06-28T19:42:51.473"
  },
  "model": "courses.useranswer",
  "pk": 22
},
{
  "fields": {
    "collaborators": null,
    "evaluation": null,
    "user": [
      "hihhuli"
    ],
    "answerer_ip": "127.0.0.1",
    "draft": false,
    "checked": false,
    "answer_date": "2015-06-28T19:43:39.814"
  },
  "model": "courses.useranswer",
  "pk": 23
},
{
  "fields": {
    "collaborators": null,
    "evaluation": null,
    "user": [
      "hihhuli"
    ],
    "answerer_ip": "127.0.0.1",
    "draft": false,
    "checked": false,
    "answer_date": "2015-06-28T19:43:59.858"
  },
  "model": "courses.useranswer",
  "pk": 24
},
{
  "fields": {
    "collaborators": null,
    "evaluation": 17,
    "user": [
      "hihhuli"
    ],
    "answerer_ip": "127.0.0.1",
    "draft": false,
    "checked": false,
    "answer_date": "2015-06-28T19:44:06.543"
  },
  "model": "courses.useranswer",
  "pk": 25
},
{
  "fields": {
    "collaborators": null,
    "evaluation": 18,
    "user": [
      "hihhuli"
    ],
    "answerer_ip": "127.0.0.1",
    "draft": false,
    "checked": false,
    "answer_date": "2015-06-28T19:44:17.417"
  },
  "model": "courses.useranswer",
  "pk": 26
},
{
  "fields": {
    "collaborators": null,
    "evaluation": null,
    "user": [
      "hihhuli"
    ],
    "answerer_ip": "127.0.0.1",
    "draft": false,
    "checked": false,
    "answer_date": "2015-06-28T19:44:39.726"
  },
  "model": "courses.useranswer",
  "pk": 27
},
{
  "fields": {
    "collaborators": null,
    "evaluation": null,
    "user": [
      "hihhuli"
    ],
    "answerer_ip": "127.0.0.1",
    "draft": false,
    "checked": false,
    "answer_date": "2015-06-28T19:46:58.638"
  },
  "model": "courses.useranswer",
  "pk": 28
},
{
  "fields": {
    "collaborators": null,
    "evaluation": null,
    "user": [
      "hihhuli"
    ],
    "answerer_ip": "127.0.0.1",
    "draft": false,
    "checked": false,
    "answer_date": "2015-06-28T22:30:53.637"
  },
  "model": "courses.useranswer",
  "pk": 29
},
{
  "fields": {
    "collaborators": null,
    "evaluation": 19,
    "user": [
      "hihhuli"
    ],
    "answerer_ip": "127.0.0.1",
    "draft": false,
    "checked": false,
    "answer_date": "2015-06-28T22:31:01.722"
  },
  "model": "courses.useranswer",
  "pk": 30
},
{
  "fields": {
    "collaborators": null,
    "evaluation": 20,
    "user": [
      "hihhuli"
    ],
    "answerer_ip": "127.0.0.1",
    "draft": false,
    "checked": false,
    "answer_date": "2015-06-28T22:31:44.333"
  },
  "model": "courses.useranswer",
  "pk": 31
},
{
  "fields": {
    "collaborators": null,
    "evaluation": null,
    "user": [
      "hihhuli"
    ],
    "answerer_ip": "127.0.0.1",
    "draft": false,
    "checked": false,
    "answer_date": "2015-06-28T22:32:16.928"
  },
  "model": "courses.useranswer",
  "pk": 32
},
{
  "fields": {
    "collaborators": null,
    "evaluation": 21,
    "user": [
      "hihhuli"
    ],
    "answerer_ip": "127.0.0.1",
    "draft": false,
    "checked": false,
    "answer_date": "2015-06-28T22:32:21.342"
  },
  "model": "courses.useranswer",
  "pk": 33
},
{
  "fields": {
    "collaborators": null,
    "evaluation": 22,
    "user": [
      "hihhuli"
    ],
    "answerer_ip": "127.0.0.1",
    "draft": false,
    "checked": false,
    "answer_date": "2015-06-28T22:32:26.060"
  },
  "model": "courses.useranswer",
  "pk": 34
},
{
  "fields": {
    "collaborators": null,
    "evaluation": 23,
    "user": [
      "hihhuli"
    ],
    "answerer_ip": "127.0.0.1",
    "draft": false,
    "checked": false,
    "answer_date": "2015-06-28T22:36:02.133"
  },
  "model": "courses.useranswer",
  "pk": 35
},
{
  "fields": {
    "collaborators": null,
    "evaluation": 24,
    "user": [
      "hihhuli"
    ],
    "answerer_ip": "127.0.0.1",
    "draft": false,
    "checked": false,
    "answer_date": "2015-06-28T22:36:06.107"
  },
  "model": "courses.useranswer",
  "pk": 36
},
{
  "fields": {
    "collaborators": null,
    "evaluation": 25,
    "user": [
      "hihhuli"
    ],
    "answerer_ip": "127.0.0.1",
    "draft": false,
    "checked": false,
    "answer_date": "2015-06-28T22:36:14.146"
  },
  "model": "courses.useranswer",
  "pk": 37
},
{
  "fields": {
    "collaborators": null,
    "evaluation": 26,
    "user": [
      "hihhuli"
    ],
    "answerer_ip": "127.0.0.1",
    "draft": false,
    "checked": false,
    "answer_date": "2015-07-02T20:05:07.101"
  },
  "model": "courses.useranswer",
  "pk": 38
},
{
  "fields": {
    "collaborators": null,
    "evaluation": 27,
    "user": [
      "hihhuli"
    ],
    "answerer_ip": "127.0.0.1",
    "draft": false,
    "checked": false,
    "answer_date": "2015-07-02T20:05:14.980"
  },
  "model": "courses.useranswer",
  "pk": 39
},
{
  "fields": {
    "collaborators": null,
    "evaluation": 31,
    "user": [
      "hihhuli"
    ],
    "answerer_ip": "127.0.0.1",
    "draft": false,
    "checked": false,
    "answer_date": "2015-07-26T16:09:35.106"
  },
  "model": "courses.useranswer",
  "pk": 43
},
{
  "fields": {
    "collaborators": null,
    "evaluation": 32,
    "user": [
      "hihhuli"
    ],
    "answerer_ip": "127.0.0.1",
    "draft": false,
    "checked": false,
    "answer_date": "2015-07-26T16:09:40.905"
  },
  "model": "courses.useranswer",
  "pk": 44
},
{
  "fields": {
    "collaborators": null,
    "evaluation": 33,
    "user": [
      "hihhuli"
    ],
    "answerer_ip": "127.0.0.1",
    "draft": false,
    "checked": false,
    "answer_date": "2015-07-26T16:09:51.533"
  },
  "model": "courses.useranswer",
  "pk": 45
},
{
  "fields": {
    "collaborators": null,
    "evaluation": 34,
    "user": [
      "hihhuli"
    ],
    "answerer_ip": "127.0.0.1",
    "draft": false,
    "checked": false,
    "answer_date": "2015-07-26T16:09:53.550"
  },
  "model": "courses.useranswer",
  "pk": 46
},
{
  "fields": {
    "collaborators": null,
    "evaluation": 35,
    "user": [
      "hihhuli"
    ],
    "answerer_ip": "127.0.0.1",
    "draft": false,
    "checked": false,
    "answer_date": "2015-07-26T16:09:58.073"
  },
  "model": "courses.useranswer",
  "pk": 47
},
{
  "fields": {
    "collaborators": null,
    "evaluation": 36,
    "user": [
      "hihhuli"
    ],
    "answerer_ip": "127.0.0.1",
    "draft": false,
    "checked": false,
    "answer_date": "2015-07-26T17:32:35.007"
  },
  "model": "courses.useranswer",
  "pk": 48
},
{
  "fields": {
    "collaborators": null,
    "evaluation": 37,
    "user": [
      "hihhuli"
    ],
    "answerer_ip": "127.0.0.1",
    "draft": false,
    "checked": false,
    "answer_date": "2015-07-26T17:32:43.858"
  },
  "model": "courses.useranswer",
  "pk": 49
},
{
  "fields": {
    "fileinfo": "returnables/hihhuli/Palautusharjoitus/0001/palautusharjoitus.sb2",
    "answer": 1
  },
  "model": "courses.fileuploadexercisereturnfile",
  "pk": 1
},
{
  "fields": {
    "fileinfo": "returnables/hihhuli/Palautusharjoitus/0002/palautusharjoitus.sb2",
    "answer": 2
  },
  "model": "courses.fileuploadexercisereturnfile",
  "pk": 2
},
{
  "fields": {
    "fileinfo": "returnables/hihhuli/Palautusharjoitus/0003/palautusharjoitus.sb2",
    "answer": 3
  },
  "model": "courses.fileuploadexercisereturnfile",
  "pk": 3
},
{
  "fields": {
    "fileinfo": "returnables/hihhuli/Palautusharjoitus/0004/palautusharjoitus.sb2",
    "answer": 4
  },
  "model": "courses.fileuploadexercisereturnfile",
  "pk": 4
},
{
  "fields": {
    "fileinfo": "returnables/hihhuli/Palautusharjoitus/0005/palautusharjoitus.sb2",
    "answer": 5
  },
  "model": "courses.fileuploadexercisereturnfile",
  "pk": 5
},
{
  "fields": {
    "fileinfo": "returnables/hihhuli/Palautusharjoitus/0006/palautusharjoitus.sb2",
    "answer": 6
  },
  "model": "courses.fileuploadexercisereturnfile",
  "pk": 6
},
{
  "fields": {
    "fileinfo": "returnables/hihhuli/Palautusharjoitus/0007/palautusharjoitus.sb2",
    "answer": 7
  },
  "model": "courses.fileuploadexercisereturnfile",
  "pk": 7
},
{
  "fields": {
    "fileinfo": "returnables/hihhuli/Palautusharjoitus/0008/palautusharjoitus_Jsx652c_MVwKnLg.py",
    "answer": 8
  },
  "model": "courses.fileuploadexercisereturnfile",
  "pk": 8
},
{
  "fields": {
    "fileinfo": "returnables/hihhuli/Palautusharjoitus/0009/palautusharjoitus_Jsx652c_MVwKnLg.py",
    "answer": 9
  },
  "model": "courses.fileuploadexercisereturnfile",
  "pk": 9
},
{
  "fields": {
    "fileinfo": "returnables/hihhuli/Palautusharjoitus/0010/palautusharjoitus.sb2",
    "answer": 10
  },
  "model": "courses.fileuploadexercisereturnfile",
  "pk": 10
},
{
  "fields": {
    "fileinfo": "returnables/hihhuli/Palautusharjoitus/0011/palautusharjoitus.sb2",
    "answer": 11
  },
  "model": "courses.fileuploadexercisereturnfile",
  "pk": 11
},
{
  "fields": {
    "fileinfo": "returnables/hihhuli/Palautusharjoitus/0012/palautusharjoitus.sb2",
    "answer": 12
  },
  "model": "courses.fileuploadexercisereturnfile",
  "pk": 12
},
{
  "fields": {
    "fileinfo": "returnables/hihhuli/Palautusharjoitus/0013/palautusharjoitus.sb2",
    "answer": 13
  },
  "model": "courses.fileuploadexercisereturnfile",
  "pk": 13
},
{
  "fields": {
    "fileinfo": "returnables/hihhuli/Palautusharjoitus/0014/palautusharjoitus_Jsx652c_MVwKnLg.py",
    "answer": 14
  },
  "model": "courses.fileuploadexercisereturnfile",
  "pk": 14
},
{
  "fields": {
    "fileinfo": "returnables/hihhuli/Palautusharjoitus/0015/palautusharjoitus_Jsx652c_MVwKnLg.py",
    "answer": 15
  },
  "model": "courses.fileuploadexercisereturnfile",
  "pk": 15
},
{
  "fields": {
    "fileinfo": "returnables/hihhuli/Palautusharjoitus/0022/palautusharjoitus.sb2",
    "answer": 22
  },
  "model": "courses.fileuploadexercisereturnfile",
  "pk": 16
},
{
  "fields": {
    "fileinfo": "returnables/hihhuli/Palautusharjoitus/0025/palautusharjoitus.sb2",
    "answer": 25
  },
  "model": "courses.fileuploadexercisereturnfile",
  "pk": 17
},
{
  "fields": {
    "fileinfo": "returnables/hihhuli/Palautusharjoitus/0026/palautusharjoitus.sb2",
    "answer": 26
  },
  "model": "courses.fileuploadexercisereturnfile",
  "pk": 18
},
{
  "fields": {
    "fileinfo": "returnables/hihhuli/Palautusharjoitus/0026/palautusharjoitus_Jsx652c_MVwKnLg.py",
    "answer": 26
  },
  "model": "courses.fileuploadexercisereturnfile",
  "pk": 19
},
{
  "fields": {
    "fileinfo": "returnables/hihhuli/Palautusharjoitus/0030/palautusharjoitus.sb2",
    "answer": 30
  },
  "model": "courses.fileuploadexercisereturnfile",
  "pk": 20
},
{
  "fields": {
    "fileinfo": "returnables/hihhuli/Palautusharjoitus/0031/palautusharjoitus.sb2",
    "answer": 31
  },
  "model": "courses.fileuploadexercisereturnfile",
  "pk": 21
},
{
  "fields": {
    "fileinfo": "returnables/hihhuli/Palautusharjoitus/0033/palautusharjoitus_Jsx652c_MVwKnLg.py",
    "answer": 33
  },
  "model": "courses.fileuploadexercisereturnfile",
  "pk": 22
},
{
  "fields": {
    "fileinfo": "returnables/hihhuli/Palautusharjoitus/0034/palautusharjoitus.sb2",
    "answer": 34
  },
  "model": "courses.fileuploadexercisereturnfile",
  "pk": 23
},
{
  "fields": {
    "exercise": 3
  },
  "model": "courses.userfileuploadexerciseanswer",
  "pk": 1
},
{
  "fields": {
    "exercise": 3
  },
  "model": "courses.userfileuploadexerciseanswer",
  "pk": 2
},
{
  "fields": {
    "exercise": 3
  },
  "model": "courses.userfileuploadexerciseanswer",
  "pk": 3
},
{
  "fields": {
    "exercise": 3
  },
  "model": "courses.userfileuploadexerciseanswer",
  "pk": 4
},
{
  "fields": {
    "exercise": 3
  },
  "model": "courses.userfileuploadexerciseanswer",
  "pk": 5
},
{
  "fields": {
    "exercise": 3
  },
  "model": "courses.userfileuploadexerciseanswer",
  "pk": 6
},
{
  "fields": {
    "exercise": 3
  },
  "model": "courses.userfileuploadexerciseanswer",
  "pk": 7
},
{
  "fields": {
    "exercise": 3
  },
  "model": "courses.userfileuploadexerciseanswer",
  "pk": 8
},
{
  "fields": {
    "exercise": 3
  },
  "model": "courses.userfileuploadexerciseanswer",
  "pk": 9
},
{
  "fields": {
    "exercise": 3
  },
  "model": "courses.userfileuploadexerciseanswer",
  "pk": 10
},
{
  "fields": {
    "exercise": 3
  },
  "model": "courses.userfileuploadexerciseanswer",
  "pk": 11
},
{
  "fields": {
    "exercise": 3
  },
  "model": "courses.userfileuploadexerciseanswer",
  "pk": 12
},
{
  "fields": {
    "exercise": 3
  },
  "model": "courses.userfileuploadexerciseanswer",
  "pk": 13
},
{
  "fields": {
    "exercise": 3
  },
  "model": "courses.userfileuploadexerciseanswer",
  "pk": 14
},
{
  "fields": {
    "exercise": 3
  },
  "model": "courses.userfileuploadexerciseanswer",
  "pk": 15
},
{
  "fields": {
    "exercise": 3
  },
  "model": "courses.userfileuploadexerciseanswer",
  "pk": 16
},
{
  "fields": {
    "exercise": 3
  },
  "model": "courses.userfileuploadexerciseanswer",
  "pk": 17
},
{
  "fields": {
    "exercise": 3
  },
  "model": "courses.userfileuploadexerciseanswer",
  "pk": 18
},
{
  "fields": {
    "exercise": 3
  },
  "model": "courses.userfileuploadexerciseanswer",
  "pk": 19
},
{
  "fields": {
    "exercise": 3
  },
  "model": "courses.userfileuploadexerciseanswer",
  "pk": 20
},
{
  "fields": {
    "exercise": 3
  },
  "model": "courses.userfileuploadexerciseanswer",
  "pk": 21
},
{
  "fields": {
    "exercise": 3
  },
  "model": "courses.userfileuploadexerciseanswer",
  "pk": 22
},
{
  "fields": {
    "exercise": 3
  },
  "model": "courses.userfileuploadexerciseanswer",
  "pk": 23
},
{
  "fields": {
    "exercise": 3
  },
  "model": "courses.userfileuploadexerciseanswer",
  "pk": 24
},
{
  "fields": {
    "exercise": 3
  },
  "model": "courses.userfileuploadexerciseanswer",
  "pk": 25
},
{
  "fields": {
    "exercise": 3
  },
  "model": "courses.userfileuploadexerciseanswer",
  "pk": 26
},
{
  "fields": {
    "exercise": 3
  },
  "model": "courses.userfileuploadexerciseanswer",
  "pk": 27
},
{
  "fields": {
    "exercise": 3
  },
  "model": "courses.userfileuploadexerciseanswer",
  "pk": 28
},
{
  "fields": {
    "exercise": 3
  },
  "model": "courses.userfileuploadexerciseanswer",
  "pk": 29
},
{
  "fields": {
    "exercise": 3
  },
  "model": "courses.userfileuploadexerciseanswer",
  "pk": 30
},
{
  "fields": {
    "exercise": 3
  },
  "model": "courses.userfileuploadexerciseanswer",
  "pk": 31
},
{
  "fields": {
    "exercise": 3
  },
  "model": "courses.userfileuploadexerciseanswer",
  "pk": 32
},
{
  "fields": {
    "exercise": 3
  },
  "model": "courses.userfileuploadexerciseanswer",
  "pk": 33
},
{
  "fields": {
    "exercise": 3
  },
  "model": "courses.userfileuploadexerciseanswer",
  "pk": 34
},
{
  "fields": {
    "exercise": 4,
    "given_answer": ""
  },
  "model": "courses.usertextfieldexerciseanswer",
  "pk": 35
},
{
  "fields": {
    "exercise": 4,
    "given_answer": "jeee"
  },
  "model": "courses.usertextfieldexerciseanswer",
  "pk": 36
},
{
  "fields": {
    "exercise": 4,
    "given_answer": "152.5"
  },
  "model": "courses.usertextfieldexerciseanswer",
  "pk": 37
},
{
  "fields": {
    "exercise": 4,
    "given_answer": ""
  },
  "model": "courses.usertextfieldexerciseanswer",
  "pk": 38
},
{
  "fields": {
    "exercise": 4,
    "given_answer": ""
  },
  "model": "courses.usertextfieldexerciseanswer",
  "pk": 39
},
{
  "fields": {
    "exercise": 7,
    "chosen_answer": 2
  },
  "model": "courses.usermultiplechoiceexerciseanswer",
  "pk": 43
},
{
  "fields": {
    "exercise": 7,
    "chosen_answer": 3
  },
  "model": "courses.usermultiplechoiceexerciseanswer",
  "pk": 44
},
{
  "fields": {
    "exercise": 7,
    "chosen_answer": 1
  },
  "model": "courses.usermultiplechoiceexerciseanswer",
  "pk": 45
},
{
  "fields": {
    "exercise": 7,
    "chosen_answer": 4
  },
  "model": "courses.usermultiplechoiceexerciseanswer",
  "pk": 46
},
{
  "fields": {
    "exercise": 7,
    "chosen_answer": 1
  },
  "model": "courses.usermultiplechoiceexerciseanswer",
  "pk": 47
},
{
  "fields": {
    "exercise": 9,
    "chosen_answers": [
      1,
      3
    ]
  },
  "model": "courses.usercheckboxexerciseanswer",
  "pk": 48
},
{
  "fields": {
    "exercise": 9,
    "chosen_answers": [
      1,
      4
    ]
  },
  "model": "courses.usercheckboxexerciseanswer",
  "pk": 49
}
]
